Character Name;Actor Name;Actor Link;Character Image Full;Character Image Thumb;Nickname;Royal;Kings Guard
Addam Marbrand;B.J. Hogg;/name/nm0389698/;null;null;null;false;false
Aegon Targaryen;null;null;null;null;null;true;false
Aeron Greyjoy;Michael Feast;/name/nm0269923/;https://images-na.ssl-images-amazon.com/images/M/MV5BNzI5MDg0ZDAtN2Y2ZC00MzU1LTgyYjQtNTBjYjEzODczZDVhXkEyXkFqcGdeQXVyNTg0Nzg4NTE@._V1_.jpg;https://images-na.ssl-images-amazon.com/images/M/MV5BNzI5MDg0ZDAtN2Y2ZC00MzU1LTgyYjQtNTBjYjEzODczZDVhXkEyXkFqcGdeQXVyNTg0Nzg4NTE@._V1._SX100_SY140_.jpg;Damphair;false;false
Aerys II Targaryen;David Rintoul;/name/nm0727778/;https://images-na.ssl-images-amazon.com/images/M/MV5BMWQzOWViN2ItNDZhOS00MmZlLTkxZTYtZDg5NGUwMGRmYWZjL2ltYWdlL2ltYWdlXkEyXkFqcGdeQXVyMjk3NTUyOTc@._V1_.jpg;https://images-na.ssl-images-amazon.com/images/M/MV5BMWQzOWViN2ItNDZhOS00MmZlLTkxZTYtZDg5NGUwMGRmYWZjL2ltYWdlL2ltYWdlXkEyXkFqcGdeQXVyMjk3NTUyOTc@._V1._SX100_SY140_.jpg;The Mad King;true;false
Akho;Chuku Modu;/name/nm6729880/;https://images-na.ssl-images-amazon.com/images/M/MV5BOGE4ZDZmOGUtNGE4Ny00Y2VmLThiOGItMjk3Y2U0ZDY3OWQxXkEyXkFqcGdeQXVyMjk3NTUyOTc@._V1_.jpg;https://images-na.ssl-images-amazon.com/images/M/MV5BOGE4ZDZmOGUtNGE4Ny00Y2VmLThiOGItMjk3Y2U0ZDY3OWQxXkEyXkFqcGdeQXVyMjk3NTUyOTc@._V1._SX100_SY140_.jpg;null;false;false
Alliser Thorne;Owen Teale;/name/nm0853583/;https://images-na.ssl-images-amazon.com/images/M/MV5BMjAxMjExMjA3M15BMl5BanBnXkFtZTcwMjI1ODg5NA@@._V1_SY1000_CR0,0,666,1000_AL_.jpg;https://images-na.ssl-images-amazon.com/images/M/MV5BMjAxMjExMjA3M15BMl5BanBnXkFtZTcwMjI1ODg5NA@@._V1._SX100_SY140_.jpg;null;false;false
Alton Lannister;Karl Davies;/name/nm0203801/;https://images-na.ssl-images-amazon.com/images/M/MV5BMTU0NTU1NTAzOF5BMl5BanBnXkFtZTcwNzA2NDk4OA@@._V1_.jpg;https://images-na.ssl-images-amazon.com/images/M/MV5BMTU0NTU1NTAzOF5BMl5BanBnXkFtZTcwNzA2NDk4OA@@._V1._SX100_SY140_.jpg;null;false;false
Alys Karstark;Megan Parkinson;/name/nm8257864/;null;null;null;false;false
Amory Lorch;Fintan McKeown;/name/nm0571654/;https://images-na.ssl-images-amazon.com/images/M/MV5BOTVmY2M2YmUtY2JkYS00NjIyLWFhYTAtNTNlZmI4ODdiNmE5XkEyXkFqcGdeQXVyMjg2MTMyNTM@._V1_.jpg;https://images-na.ssl-images-amazon.com/images/M/MV5BOTVmY2M2YmUtY2JkYS00NjIyLWFhYTAtNTNlZmI4ODdiNmE5XkEyXkFqcGdeQXVyMjg2MTMyNTM@._V1._SX100_SY140_.jpg;null;false;false
Anguy;Philip McGinley;/name/nm1528121/;https://images-na.ssl-images-amazon.com/images/M/MV5BNmRhY2M4YmItNjc2Yi00ZDc0LWE5NmUtNGE5OWE0YTQ2YjY3XkEyXkFqcGdeQXVyMjk3NTUyOTc@._V1_.jpg;https://images-na.ssl-images-amazon.com/images/M/MV5BNmRhY2M4YmItNjc2Yi00ZDc0LWE5NmUtNGE5OWE0YTQ2YjY3XkEyXkFqcGdeQXVyMjk3NTUyOTc@._V1._SX100_SY140_.jpg;null;false;false
Archmaester Marwyn;Jim Broadbent;/name/nm0000980/;null;null;null;false;false
Areo Hotah;Deobia Oparei;/name/nm0649046/;https://images-na.ssl-images-amazon.com/images/M/MV5BNWFkNTAwNzctOGQ2ZS00OTMyLWE3NDYtOGUwM2E1MzVlYjI0XkEyXkFqcGdeQXVyMjk3NTUyOTc@._V1_.jpg;https://images-na.ssl-images-amazon.com/images/M/MV5BNWFkNTAwNzctOGQ2ZS00OTMyLWE3NDYtOGUwM2E1MzVlYjI0XkEyXkFqcGdeQXVyMjk3NTUyOTc@._V1._SX100_SY140_.jpg;null;false;false
Armeca;Sahara Knite;/name/nm1783582/;https://images-na.ssl-images-amazon.com/images/M/MV5BZmQyMGVlMDctYWFhMi00YzMyLTlkZDgtOWNmZTY3NmZkYzZlXkEyXkFqcGdeQXVyMjk3NTUyOTc@._V1_.jpg;https://images-na.ssl-images-amazon.com/images/M/MV5BZmQyMGVlMDctYWFhMi00YzMyLTlkZDgtOWNmZTY3NmZkYzZlXkEyXkFqcGdeQXVyMjk3NTUyOTc@._V1._SX100_SY140_.jpg;null;false;false
Arthur;Nathanael Saleh;/name/nm8127149/;null;null;null;false;false
Arthur Dayne;Luke Roberts;/name/nm1074361/;https://images-na.ssl-images-amazon.com/images/M/MV5BODczZDUxYmQtMzk1MC00ZTUwLTk1MjAtZDJlODViMWFhOGU5XkEyXkFqcGdeQXVyMjk3NTUyOTc@._V1_.jpg;https://images-na.ssl-images-amazon.com/images/M/MV5BODczZDUxYmQtMzk1MC00ZTUwLTk1MjAtZDJlODViMWFhOGU5XkEyXkFqcGdeQXVyMjk3NTUyOTc@._V1._SX100_SY140_.jpg;null;false;true
Arya Stark;Maisie Williams;/name/nm3586035/;https://images-na.ssl-images-amazon.com/images/M/MV5BMTk5MTYwNDc0OF5BMl5BanBnXkFtZTcwOTg2NDg1Nw@@._V1_SY1000_CR0,0,665,1000_AL_.jpg;https://images-na.ssl-images-amazon.com/images/M/MV5BMTk5MTYwNDc0OF5BMl5BanBnXkFtZTcwOTg2NDg1Nw@@._V1._SX100_SY140_.jpg;null;false;false
Baby Sam;null;null;null;null;null;false;false
Balon Greyjoy;Patrick Malahide;/name/nm0538869/;https://images-na.ssl-images-amazon.com/images/M/MV5BMTUxNjkwODczN15BMl5BanBnXkFtZTcwODMwNTgzNw@@._V1_SY1000_CR0,0,637,1000_AL_.jpg;https://images-na.ssl-images-amazon.com/images/M/MV5BMTUxNjkwODczN15BMl5BanBnXkFtZTcwODMwNTgzNw@@._V1._SX100_SY140_.jpg;null;false;false
Baratheon Guard;Phil Barnhill;/name/nm4207240/;null;null;null;false;false
Barristan Selmy;Ian McElhinney;/name/nm0568400/;https://images-na.ssl-images-amazon.com/images/M/MV5BMTUyMTE0NjUxNV5BMl5BanBnXkFtZTcwOTA1ODg5NA@@._V1_SX1500_CR0,0,1500,999_AL_.jpg;https://images-na.ssl-images-amazon.com/images/M/MV5BMTUyMTE0NjUxNV5BMl5BanBnXkFtZTcwOTA1ODg5NA@@._V1._SX100_SY140_.jpg;null;false;false
Benjen Stark;Joseph Mawle;/name/nm1152798/;https://images-na.ssl-images-amazon.com/images/M/MV5BMjFiY2M5MjgtZmRiMS00ZTAyLTk2Y2UtMjdjZTRkZmVlYTMyXkEyXkFqcGdeQXVyMjk3NTUyOTc@._V1_.jpg;https://images-na.ssl-images-amazon.com/images/M/MV5BMjFiY2M5MjgtZmRiMS00ZTAyLTk2Y2UtMjdjZTRkZmVlYTMyXkEyXkFqcGdeQXVyMjk3NTUyOTc@._V1._SX100_SY140_.jpg;null;false;false
Beric Dondarrion;null;null;https://images-na.ssl-images-amazon.com/images/M/MV5BMjQwMTEwNTg2MF5BMl5BanBnXkFtZTgwNTAxODYxOTE@._V1_SY1000_CR0,0,665,1000_AL_.jpg;https://images-na.ssl-images-amazon.com/images/M/MV5BMjQwMTEwNTg2MF5BMl5BanBnXkFtZTgwNTAxODYxOTE@._V1._SX100_SY140_.jpg;null;false;false
Bianca;Eline Powell;/name/nm4730958/;https://images-na.ssl-images-amazon.com/images/M/MV5BYWJhYjcxYzgtMDlhZi00OGNhLWE0NzAtMWFhMDJlYTZmYzY2XkEyXkFqcGdeQXVyMjk3NTUyOTc@._V1_.jpg;https://images-na.ssl-images-amazon.com/images/M/MV5BYWJhYjcxYzgtMDlhZi00OGNhLWE0NzAtMWFhMDJlYTZmYzY2XkEyXkFqcGdeQXVyMjk3NTUyOTc@._V1._SX100_SY140_.jpg;null;false;false
Biter;Gerard Jordan;/name/nm0429956/;https://images-na.ssl-images-amazon.com/images/M/MV5BMjQ1ZWY3NTYtNmYzZS00ZDQyLThhMDItYTQyNmU0ZDg5NWViL2ltYWdlXkEyXkFqcGdeQXVyMjk3NTUyOTc@._V1_.jpg;https://images-na.ssl-images-amazon.com/images/M/MV5BMjQ1ZWY3NTYtNmYzZS00ZDQyLThhMDItYTQyNmU0ZDg5NWViL2ltYWdlXkEyXkFqcGdeQXVyMjk3NTUyOTc@._V1_SY100_SX100_AL_.jpg;null;false;false
Black Lorren;Forbes KB;/name/nm1978998/;https://images-na.ssl-images-amazon.com/images/M/MV5BNjg5ZGZjZDUtZmJmNC00MjQ5LWJhZDAtOTc0MzYzNTNkMTZiXkEyXkFqcGdeQXVyMjk3NTUyOTc@._V1_.jpg;https://images-na.ssl-images-amazon.com/images/M/MV5BNjg5ZGZjZDUtZmJmNC00MjQ5LWJhZDAtOTc0MzYzNTNkMTZiXkEyXkFqcGdeQXVyMjk3NTUyOTc@._V1._SX100_SY140_.jpg;null;false;false
Black Walder Rivers;Tim Plester;/name/nm1043031/;null;null;null;false;false
Bobono;Leigh Gill;/name/nm5279916/;https://images-na.ssl-images-amazon.com/images/M/MV5BZWRmNWVhNTctOGJlZC00ZjVlLThkY2MtODU3Y2I2Njc1YzZjL2ltYWdlXkEyXkFqcGdeQXVyMjk3NTUyOTc@._V1_.jpg;https://images-na.ssl-images-amazon.com/images/M/MV5BZWRmNWVhNTctOGJlZC00ZjVlLThkY2MtODU3Y2I2Njc1YzZjL2ltYWdlXkEyXkFqcGdeQXVyMjk3NTUyOTc@._V1._SX100_SY140_.jpg;null;false;false
Bowen Marsh;Michael Condron;/name/nm1638006/;https://images-na.ssl-images-amazon.com/images/M/MV5BNmRkMDYxYjQtYTBjZi00NDZlLThmNGMtYzlhNGI1ZDE5NTJmXkEyXkFqcGdeQXVyMjk3NTUyOTc@._V1_.jpg;https://images-na.ssl-images-amazon.com/images/M/MV5BNmRkMDYxYjQtYTBjZi00NDZlLThmNGMtYzlhNGI1ZDE5NTJmXkEyXkFqcGdeQXVyMjk3NTUyOTc@._V1._SX100_SY140_.jpg;null;false;false
Brandon Stark;null;null;null;null;null;false;false
Bran Stark;Isaac Hempstead Wright;/name/nm3652842/;https://images-na.ssl-images-amazon.com/images/M/MV5BMTA1NTg0NTI3MTBeQTJeQWpwZ15BbWU3MDEyNjg4OTQ@._V1_SX1500_CR0,0,1500,999_AL_.jpg;https://images-na.ssl-images-amazon.com/images/M/MV5BMTA1NTg0NTI3MTBeQTJeQWpwZ15BbWU3MDEyNjg4OTQ@._V1._SX100_SY140_.jpg;null;true;false
Brea;Gemita Samarra;/name/nm5106314/;https://images-na.ssl-images-amazon.com/images/M/MV5BMTUxMzc4MjE3N15BMl5BanBnXkFtZTgwMDg0Njc5NTE@._V1_SX1777_CR0,0,1777,999_AL_.jpg;https://images-na.ssl-images-amazon.com/images/M/MV5BMTUxMzc4MjE3N15BMl5BanBnXkFtZTgwMDg0Njc5NTE@._V1._SX100_SY140_.jpg;null;false;false
Brienne of Tarth;Gwendoline Christie;/name/nm3729225/;https://images-na.ssl-images-amazon.com/images/M/MV5BMTYzNDY4NzgzOV5BMl5BanBnXkFtZTcwNDM5ODg4OQ@@._V1_.jpg;https://images-na.ssl-images-amazon.com/images/M/MV5BMTYzNDY4NzgzOV5BMl5BanBnXkFtZTcwNDM5ODg4OQ@@._V1._SX100_SY140_.jpg;null;false;true
Bronn;Jerome Flynn;/name/nm0283492/;https://images-na.ssl-images-amazon.com/images/M/MV5BMTY0MzI5MjY1OV5BMl5BanBnXkFtZTcwODM1ODg4OQ@@._V1_.jpg;https://images-na.ssl-images-amazon.com/images/M/MV5BMTY0MzI5MjY1OV5BMl5BanBnXkFtZTcwODM1ODg4OQ@@._V1._SX100_SY140_.jpg;null;false;false
Brother Ray;Ian McShane;/name/nm0574534/;https://images-na.ssl-images-amazon.com/images/M/MV5BMTAwNjU5MTY3NzleQTJeQWpwZ15BbWU4MDIwODkwMTkx._V1_SY1000_CR0,0,1502,1000_AL_.jpg;https://images-na.ssl-images-amazon.com/images/M/MV5BMTAwNjU5MTY3NzleQTJeQWpwZ15BbWU4MDIwODkwMTkx._V1._SX100_SY140_.jpg;null;false;false
Brynden Tully;Clive Russell;/name/nm0751085/;https://images-na.ssl-images-amazon.com/images/M/MV5BOTg5ZDIwOWUtMjQ1OS00YjgxLThmMDgtOWUwZjQ4MzE3ZDhlXkEyXkFqcGdeQXVyMjk3NTUyOTc@._V1_.jpg;https://images-na.ssl-images-amazon.com/images/M/MV5BOTg5ZDIwOWUtMjQ1OS00YjgxLThmMDgtOWUwZjQ4MzE3ZDhlXkEyXkFqcGdeQXVyMjk3NTUyOTc@._V1._SX100_SY140_.jpg;Blackfish;false;false
Captain of the Archers;Michael Grennell;/name/nm1214477/;null;null;null;false;false
Catelyn Stark;Michelle Fairley;/name/nm0265610/;https://images-na.ssl-images-amazon.com/images/M/MV5BMTY2ODc4MTkxMV5BMl5BanBnXkFtZTcwNjM3MTg4OQ@@._V1_SY1000_CR0,0,915,1000_AL_.jpg;https://images-na.ssl-images-amazon.com/images/M/MV5BMTY2ODc4MTkxMV5BMl5BanBnXkFtZTcwNjM3MTg4OQ@@._V1._SX100_SY140_.jpg;null;false;false
Catspaw Assassin;Lalor Roddy;/name/nm0734498/;null;null;null;false;false
Cersei Lannister;Lena Headey;/name/nm0372176/;https://images-na.ssl-images-amazon.com/images/M/MV5BMTgzNTAxNjExMl5BMl5BanBnXkFtZTcwMDEwNzI4OQ@@._V1._CR954,56,605,670_.jpg;https://images-na.ssl-images-amazon.com/images/M/MV5BMTgzNTAxNjExMl5BMl5BanBnXkFtZTcwMDEwNzI4OQ@@._V1._CR954,56,605,670._SX100_SY140_.jpg;null;true;false
Child of the Forest;Alice Hewkin;/name/nm2456829/;https://images-na.ssl-images-amazon.com/images/M/MV5BOTdjYmYxNjctODU1OC00NzIwLTk0ODktNDc3NzA2MzRhYzIwXkEyXkFqcGdeQXVyNTcxMzMwNTA@._V1_.jpg;https://images-na.ssl-images-amazon.com/images/M/MV5BOTdjYmYxNjctODU1OC00NzIwLTk0ODktNDc3NzA2MzRhYzIwXkEyXkFqcGdeQXVyNTcxMzMwNTA@._V1._SX100_SY140_.jpg;null;false;false
Citadel Maester;Frank Hvam;/name/nm0404809/;https://images-na.ssl-images-amazon.com/images/M/MV5BMTg3NDA1Nzc5Nl5BMl5BanBnXkFtZTgwMjIwNTgyOTE@._V1_SY1000_CR0,0,1502,1000_AL_.jpg;https://images-na.ssl-images-amazon.com/images/M/MV5BMTg3NDA1Nzc5Nl5BMl5BanBnXkFtZTgwMjIwNTgyOTE@._V1._SX100_SY140_.jpg;null;false;false
Colen of Greenpools;Darren Killeen;/name/nm4007028/;null;null;null;false;false
Craster;Robert Pugh;/name/nm0700059/;https://images-na.ssl-images-amazon.com/images/M/MV5BMzZiNjZiMGItNTQ2Yi00MGU3LWFjMTktNzlmNDFlYzA3MjY3XkEyXkFqcGdeQXVyMjk3NTUyOTc@._V1_.jpg;https://images-na.ssl-images-amazon.com/images/M/MV5BMzZiNjZiMGItNTQ2Yi00MGU3LWFjMTktNzlmNDFlYzA3MjY3XkEyXkFqcGdeQXVyMjk3NTUyOTc@._V1._SX100_SY140_.jpg;null;false;false
Daario Naharis;null;null;https://images-na.ssl-images-amazon.com/images/M/MV5BY2ExMDJmNzMtMDVmZi00MDNlLWI1NzYtOTkxOTdlOWU4YzE4XkEyXkFqcGdeQXVyNTcxMzMwNTA@._V1_SY1000_CR0,0,665,1000_AL_.jpg;https://images-na.ssl-images-amazon.com/images/M/MV5BY2ExMDJmNzMtMDVmZi00MDNlLWI1NzYtOTkxOTdlOWU4YzE4XkEyXkFqcGdeQXVyNTcxMzMwNTA@._V1._SX100_SY140_.jpg;null;false;false
Daenerys Targaryen;Emilia Clarke;/name/nm3592338/;https://images-na.ssl-images-amazon.com/images/M/MV5BMjA4MzIxMTQwMF5BMl5BanBnXkFtZTcwMzY2NDg1Nw@@._V1_SY1000_CR0,0,810,1000_AL_.jpg;https://images-na.ssl-images-amazon.com/images/M/MV5BMjA4MzIxMTQwMF5BMl5BanBnXkFtZTcwMzY2NDg1Nw@@._V1._SX100_SY140_.jpg;null;true;false
Dagmer Cleftjaw;Ralph Ineson;/name/nm0408591/;https://images-na.ssl-images-amazon.com/images/M/MV5BYWRlYzI5ZTQtODU0My00MWUyLWExNTMtNGQ4OTIwYzE2YzFiXkEyXkFqcGdeQXVyMjk3NTUyOTc@._V1_.jpg;https://images-na.ssl-images-amazon.com/images/M/MV5BYWRlYzI5ZTQtODU0My00MWUyLWExNTMtNGQ4OTIwYzE2YzFiXkEyXkFqcGdeQXVyMjk3NTUyOTc@._V1._SX100_SY140_.jpg;null;false;false
Daisy;Maisie Dee;/name/nm3996678/;https://images-na.ssl-images-amazon.com/images/M/MV5BMDk2ODRhNzItOGZhNi00YTUyLThkMzctMDQ2Zjg5MzY1NTI2XkEyXkFqcGdeQXVyMjk3NTUyOTc@._V1_.jpg;https://images-na.ssl-images-amazon.com/images/M/MV5BMDk2ODRhNzItOGZhNi00YTUyLThkMzctMDQ2Zjg5MzY1NTI2XkEyXkFqcGdeQXVyMjk3NTUyOTc@._V1._SX100_SY140_.jpg;null;false;false
Davos Seaworth;Liam Cunningham;/name/nm0192377/;https://images-na.ssl-images-amazon.com/images/M/MV5BNTMwODc0NzI4Ml5BMl5BanBnXkFtZTcwNzY3NDk4OQ@@._V1_.jpg;https://images-na.ssl-images-amazon.com/images/M/MV5BNTMwODc0NzI4Ml5BMl5BanBnXkFtZTcwNzY3NDk4OQ@@._V1._SX100_SY140_.jpg;null;false;false
Dickon Tarly;null;null;https://images-na.ssl-images-amazon.com/images/M/MV5BNzk1YjNlZGQtNTU0MC00OGZmLThhYTQtZDM1ZjI2OGNlZGQxXkEyXkFqcGdeQXVyMjk3NTUyOTc@._V1_.jpg;https://images-na.ssl-images-amazon.com/images/M/MV5BNzk1YjNlZGQtNTU0MC00OGZmLThhYTQtZDM1ZjI2OGNlZGQxXkEyXkFqcGdeQXVyMjk3NTUyOTc@._V1._SX100_SY140_.jpg;null;false;false
Dongo the Giant;Ian Whyte;/name/nm1613839/;https://images-na.ssl-images-amazon.com/images/M/MV5BNTRjNGYxNWItYmRhNS00MDY3LWFmZTItMzYzNTEwMjg3YTA1XkEyXkFqcGdeQXVyNDUzOTQ5MjY@._V1_.jpg;https://images-na.ssl-images-amazon.com/images/M/MV5BNTRjNGYxNWItYmRhNS00MDY3LWFmZTItMzYzNTEwMjg3YTA1XkEyXkFqcGdeQXVyNDUzOTQ5MjY@._V1._SX100_SY140_.jpg;null;false;false
Donnel Waynwood;Alisdair Simpson;/name/nm1368037/;null;null;null;false;false
Dontos Hollard;Tony Way;/name/nm0915453/;https://images-na.ssl-images-amazon.com/images/M/MV5BNzUzYzg5NGUtOWE5Zi00Y2MwLTg2YzQtMDZlOWE1NDZjZmFkXkEyXkFqcGdeQXVyMjk3NTUyOTc@._V1_.jpg;https://images-na.ssl-images-amazon.com/images/M/MV5BNzUzYzg5NGUtOWE5Zi00Y2MwLTg2YzQtMDZlOWE1NDZjZmFkXkEyXkFqcGdeQXVyMjk3NTUyOTc@._V1._SX100_SY140_.jpg;null;false;false
Doran Martell;Alexander Siddig;/name/nm0796502/;https://images-na.ssl-images-amazon.com/images/M/MV5BZWU5NzJkNWMtYTM4MS00YmE2LWExYmItNDNiOTE3YzI5YzAxXkEyXkFqcGdeQXVyNDUzOTQ5MjY@._V1_SY1000_CR0,0,913,1000_AL_.jpg;https://images-na.ssl-images-amazon.com/images/M/MV5BZWU5NzJkNWMtYTM4MS00YmE2LWExYmItNDNiOTE3YzI5YzAxXkEyXkFqcGdeQXVyNDUzOTQ5MjY@._V1._SX100_SY140_.jpg;null;false;false
Doreah;Roxanne McKee;/name/nm1861467/;https://images-na.ssl-images-amazon.com/images/M/MV5BMjEzNWJmNzYtZjFhYy00NmI5LWFkOWUtOWQ0ZjUzZDYwYjM1XkEyXkFqcGdeQXVyMjk3NTUyOTc@._V1_.jpg;https://images-na.ssl-images-amazon.com/images/M/MV5BMjEzNWJmNzYtZjFhYy00NmI5LWFkOWUtOWQ0ZjUzZDYwYjM1XkEyXkFqcGdeQXVyMjk3NTUyOTc@._V1._SX100_SY140_.jpg;null;false;false
Dothraki Bloodrider #1;Diogo Sales;/name/nm6088160/;https://images-na.ssl-images-amazon.com/images/M/MV5BMTQ2Mzk1MzczMl5BMl5BanBnXkFtZTgwNDQyODAxODE@._V1_SY1000_CR0,0,1502,1000_AL_.jpg;https://images-na.ssl-images-amazon.com/images/M/MV5BMTQ2Mzk1MzczMl5BMl5BanBnXkFtZTgwNDQyODAxODE@._V1._SX100_SY140_.jpg;null;false;false
Dothraki Bloodrider #2;Junade Khan;/name/nm2999602/;https://images-na.ssl-images-amazon.com/images/M/MV5BMTQ2Mzk1MzczMl5BMl5BanBnXkFtZTgwNDQyODAxODE@._V1_SY1000_CR0,0,1502,1000_AL_.jpg;https://images-na.ssl-images-amazon.com/images/M/MV5BMTQ2Mzk1MzczMl5BMl5BanBnXkFtZTgwNDQyODAxODE@._V1._SX100_SY140_.jpg;null;false;false
Drennan;David Coakley;/name/nm2231505/;null;null;null;false;false
Drogon;null;null;null;null;null;false;false
Drowned Priest;Jonathan Ryan;/name/nm0752638/;https://images-na.ssl-images-amazon.com/images/M/MV5BOGEwMjRhYzgtYjY1YS00MjhlLTllYjYtNWQzOGQxOTE3ZDczXkEyXkFqcGdeQXVyMjk3NTUyOTc@._V1_.jpg;https://images-na.ssl-images-amazon.com/images/M/MV5BOGEwMjRhYzgtYjY1YS00MjhlLTllYjYtNWQzOGQxOTE3ZDczXkEyXkFqcGdeQXVyMjk3NTUyOTc@._V1._SX100_SY140_.jpg;null;false;false
Eddard Stark;Sean Bean;/name/nm0000293/;https://images-na.ssl-images-amazon.com/images/M/MV5BODcwMjg0MDQ5MF5BMl5BanBnXkFtZTcwMTk2NDk4OQ@@._V1_SY1000_CR0,0,827,1000_AL_.jpg;https://images-na.ssl-images-amazon.com/images/M/MV5BODcwMjg0MDQ5MF5BMl5BanBnXkFtZTcwMTk2NDk4OQ@@._V1._SX100_SY140_.jpg;Ned;false;false
Eddison Tollett;Ben Crompton;/name/nm0174005/;https://images-na.ssl-images-amazon.com/images/M/MV5BMTY1MjQ4ODAwNV5BMl5BanBnXkFtZTcwMTc5NDk4OQ@@._V1_.jpg;https://images-na.ssl-images-amazon.com/images/M/MV5BMTY1MjQ4ODAwNV5BMl5BanBnXkFtZTcwMTc5NDk4OQ@@._V1._SX100_SY140_.jpg;null;false;false
Edmure Tully;Tobias Menzies;/name/nm0580014/;https://images-na.ssl-images-amazon.com/images/M/MV5BYjEzNThlMmQtMDgzYi00MTQ5LTllMzQtNDZjY2JiMTVhNmNkXkEyXkFqcGdeQXVyMjk3NTUyOTc@._V1_.jpg;https://images-na.ssl-images-amazon.com/images/M/MV5BYjEzNThlMmQtMDgzYi00MTQ5LTllMzQtNDZjY2JiMTVhNmNkXkEyXkFqcGdeQXVyMjk3NTUyOTc@._V1._SX100_SY140_.jpg;null;false;false
Ellaria Sand;Indira Varma;/name/nm0890055/;https://images-na.ssl-images-amazon.com/images/M/MV5BNWQ0ZDE5NDUtNDVmZi00ZTI5LTkyOTgtNDhiNjMwZjY3ZjgwXkEyXkFqcGdeQXVyMjk3NTUyOTc@._V1_.jpg;https://images-na.ssl-images-amazon.com/images/M/MV5BNWQ0ZDE5NDUtNDVmZi00ZTI5LTkyOTgtNDhiNjMwZjY3ZjgwXkEyXkFqcGdeQXVyMjk3NTUyOTc@._V1._SX100_SY140_.jpg;null;false;false
Elia Martell;null;null;null;null;null;true;false
Eon Hunter;Barrington Cullen;/name/nm4473207/;null;null;null;false;false
Euron Greyjoy;Pilou Asbæk;/name/nm1561982/;https://images-na.ssl-images-amazon.com/images/M/MV5BNzg1MTJhMjMtMmY4Yy00NTU2LTliZWUtNjM4YzAxY2M3ZDBkXkEyXkFqcGdeQXVyMjk3NTUyOTc@._V1_.jpg;https://images-na.ssl-images-amazon.com/images/M/MV5BNzg1MTJhMjMtMmY4Yy00NTU2LTliZWUtNjM4YzAxY2M3ZDBkXkEyXkFqcGdeQXVyMjk3NTUyOTc@._V1._SX100_SY140_.jpg;null;false;false
Faceless Man;Cedric Henderson;/name/nm2406775/;https://images-na.ssl-images-amazon.com/images/M/MV5BMjI4ODYxODI0MF5BMl5BanBnXkFtZTgwMDk4NDY0NTE@._V1_SY1000_CR0,0,665,1000_AL_.jpg;https://images-na.ssl-images-amazon.com/images/M/MV5BMjI4ODYxODI0MF5BMl5BanBnXkFtZTgwMDk4NDY0NTE@._V1_UX214_CR0,0,214,317_AL_.jpg;null;false;false
Farlen;Peter Ballance;/name/nm0050520/;null;null;null;false;false
Gared;Dermot Keaney;/name/nm0443825/;https://images-na.ssl-images-amazon.com/images/M/MV5BNGYxZjljZTctZjIxYy00YmUwLTk3MDgtZWIyZjhkNDgwYTZiXkEyXkFqcGdeQXVyMjk3NTUyOTc@._V1_.jpg;https://images-na.ssl-images-amazon.com/images/M/MV5BNGYxZjljZTctZjIxYy00YmUwLTk3MDgtZWIyZjhkNDgwYTZiXkEyXkFqcGdeQXVyMjk3NTUyOTc@._V1._SX100_SY140_.jpg;null;false;false
Gatins;Ricky Champ;/name/nm2307468/;https://images-na.ssl-images-amazon.com/images/M/MV5BNzIwZmJkNDktZWMwMC00ZGNlLWJkNWYtN2ZmOWEzNDFiNWMyXkEyXkFqcGdeQXVyMjk3NTUyOTc@._V1_SX1777_CR0,0,1777,999_AL_.jpg;https://images-na.ssl-images-amazon.com/images/M/MV5BNzIwZmJkNDktZWMwMC00ZGNlLWJkNWYtN2ZmOWEzNDFiNWMyXkEyXkFqcGdeQXVyMjk3NTUyOTc@._V1._SX100_SY140_.jpg;null;false;false
Gendry;Joe Dempsie;/name/nm1478079/;https://images-na.ssl-images-amazon.com/images/M/MV5BMTcxNzYwMTk4MV5BMl5BanBnXkFtZTcwNDg1ODg4OQ@@._V1_SY1000_CR0,0,846,1000_AL_.jpg;https://images-na.ssl-images-amazon.com/images/M/MV5BMTcxNzYwMTk4MV5BMl5BanBnXkFtZTcwNDg1ODg4OQ@@._V1._SX100_SY140_.jpg;null;false;false
Gerold Hightower;Eddie Eyre;/name/nm6793798/;https://images-na.ssl-images-amazon.com/images/M/MV5BODc3OTIzYmEtYjk2Yy00NTgwLTk4OWMtMjlmMmJmNDE5OGU2XkEyXkFqcGdeQXVyNjU5MTM2ODI@._V1_.jpg;https://images-na.ssl-images-amazon.com/images/M/MV5BODc3OTIzYmEtYjk2Yy00NTgwLTk4OWMtMjlmMmJmNDE5OGU2XkEyXkFqcGdeQXVyNjU5MTM2ODI@._V1._SX100_SY140_.jpg;null;false;false
Ghost;null;null;null;null;null;false;false
Gilly;Hannah Murray;/name/nm2356940/;https://images-na.ssl-images-amazon.com/images/M/MV5BMTYzOTQxMTA3MF5BMl5BanBnXkFtZTcwODM5NDk4OQ@@._V1_SY1000_CR0,0,760,1000_AL_.jpg;https://images-na.ssl-images-amazon.com/images/M/MV5BMTYzOTQxMTA3MF5BMl5BanBnXkFtZTcwODM5NDk4OQ@@._V1._SX100_SY140_.jpg;null;false;false
Goldcloak;Alan Paris;/name/nm3354768/;null;null;null;false;false
Goldcloak;Sam Callis;/name/nm0130538/;null;null;null;false;false
Goldcloak #1;Nikovich Sammut;/name/nm2089809/;null;null;null;false;false
Goldcloak #2;Seamus Kelly;/name/nm4440118/;null;null;null;false;false
Grand Maester Pycelle;Julian Glover;/name/nm0002103/;https://images-na.ssl-images-amazon.com/images/M/MV5BMjEyNDA4MzQ3MF5BMl5BanBnXkFtZTcwNTM3ODg4OQ@@._V1_.jpg;https://images-na.ssl-images-amazon.com/images/M/MV5BMjEyNDA4MzQ3MF5BMl5BanBnXkFtZTcwNTM3ODg4OQ@@._V1._SX100_SY140_.jpg;null;false;false
Great Master #1;null;null;null;null;null;false;false
Great Master #2;null;null;null;null;null;false;false
Great Master #3;Peter Silverleaf;/name/nm0798872/;null;null;null;false;false
Great Master #4;Davor Jozinovic;/name/nm7318132/;null;null;null;false;false
Great Master #5;Ivan Peric;/name/nm3005802/;null;null;null;false;false
Great Master #6;Hadi Kermani;/name/nm7318134/;null;null;null;false;false
Great Master #7;Tonci Banov;/name/nm7318135/;null;null;null;false;false
Greatjon Umber;Clive Mantle;/name/nm0544139/;https://images-na.ssl-images-amazon.com/images/M/MV5BN2VjMTM4OTItMDUxMi00N2NiLThhMWMtNGNhMDQ4OGJhOWU0XkEyXkFqcGdeQXVyMjk3NTUyOTc@._V1_.jpg;https://images-na.ssl-images-amazon.com/images/M/MV5BN2VjMTM4OTItMDUxMi00N2NiLThhMWMtNGNhMDQ4OGJhOWU0XkEyXkFqcGdeQXVyMjk3NTUyOTc@._V1._SX100_SY140_.jpg;null;false;false
Gregor Clegane;null;null;https://images-na.ssl-images-amazon.com/images/M/MV5BMTU3OTg2MTM2MF5BMl5BanBnXkFtZTcwNDk1NzE5OQ@@._V1_.jpg;https://images-na.ssl-images-amazon.com/images/M/MV5BMTU3OTg2MTM2MF5BMl5BanBnXkFtZTcwNDk1NzE5OQ@@._V1._SX100_SY140_.jpg;The Mountain;false;false
Greizhen mo Ullhor;Cliff Barry;/name/nm0057965/;https://images-na.ssl-images-amazon.com/images/M/MV5BMmYwNjBkZDItZmQyNi00MjhiLWFhMjYtNzk3YWJmMzJhZTFkXkEyXkFqcGdeQXVyMjg2MTMyNTM@._V1_SY1000_SX1500_AL_.jpg;https://images-na.ssl-images-amazon.com/images/M/MV5BMmYwNjBkZDItZmQyNi00MjhiLWFhMjYtNzk3YWJmMzJhZTFkXkEyXkFqcGdeQXVyMjg2MTMyNTM@._V1._SX100_SY140_.jpg;null;false;false
Grenn;Mark Stanley;/name/nm4440305/;https://images-na.ssl-images-amazon.com/images/M/MV5BMzkzOTI0NjM3MV5BMl5BanBnXkFtZTcwMTY3ODg4OQ@@._V1_.jpg;https://images-na.ssl-images-amazon.com/images/M/MV5BMzkzOTI0NjM3MV5BMl5BanBnXkFtZTcwMTY3ODg4OQ@@._V1._SX100_SY140_.jpg;null;false;false
Grey Wind;null;null;null;null;null;false;false
Grey Worm;Jacob Anderson;/name/nm2760664/;https://images-na.ssl-images-amazon.com/images/M/MV5BMjk3ZDJlNTQtZDBiMC00ODVhLTlmYmYtYzkxMDA0N2QxNDY0XkEyXkFqcGdeQXVyMjk3NTUyOTc@._V1_.jpg;https://images-na.ssl-images-amazon.com/images/M/MV5BMjk3ZDJlNTQtZDBiMC00ODVhLTlmYmYtYzkxMDA0N2QxNDY0XkEyXkFqcGdeQXVyMjk3NTUyOTc@._V1._SX100_SY140_.jpg;null;false;false
Hallyne;Roy Dotrice;/name/nm0234541/;https://images-na.ssl-images-amazon.com/images/M/MV5BMDg4YzNjMzMtYzk4OS00NTEwLWE1NWItYjMyODViNTQ4YmUxXkEyXkFqcGdeQXVyMjk3NTUyOTc@._V1_.jpg;https://images-na.ssl-images-amazon.com/images/M/MV5BMDg4YzNjMzMtYzk4OS00NTEwLWE1NWItYjMyODViNTQ4YmUxXkEyXkFqcGdeQXVyMjk3NTUyOTc@._V1._SX100_SY140_.jpg;null;false;false
Handmaid;Sabrina Bartlett;/name/nm6301068/;https://images-na.ssl-images-amazon.com/images/M/MV5BMGUwMjczOGQtZjRmOC00NmIyLWE1YmMtZmE2OGEzNzY2Mjg4XkEyXkFqcGdeQXVyMjk3NTUyOTc@._V1_.jpg;https://images-na.ssl-images-amazon.com/images/M/MV5BMGUwMjczOGQtZjRmOC00NmIyLWE1YmMtZmE2OGEzNzY2Mjg4XkEyXkFqcGdeQXVyMjk3NTUyOTc@._V1._SX100_SY140_.jpg;null;false;false
Handmaid;Sara Dylan;/name/nm2407387/;https://images-na.ssl-images-amazon.com/images/M/MV5BMGUwMjczOGQtZjRmOC00NmIyLWE1YmMtZmE2OGEzNzY2Mjg4XkEyXkFqcGdeQXVyMjk3NTUyOTc@._V1_.jpg;https://images-na.ssl-images-amazon.com/images/M/MV5BMGUwMjczOGQtZjRmOC00NmIyLWE1YmMtZmE2OGEzNzY2Mjg4XkEyXkFqcGdeQXVyMjk3NTUyOTc@._V1._SX100_SY140_.jpg;null;false;false
Harald Karstark;Paul Rattray;/name/nm1051151/;https://images-na.ssl-images-amazon.com/images/M/MV5BNTE4OTIwNWQtZjNkOC00MzhhLThhYzQtMmU1OTFiZGU3YzMzXkEyXkFqcGdeQXVyMjk3NTUyOTc@._V1_.jpg;https://images-na.ssl-images-amazon.com/images/M/MV5BNTE4OTIwNWQtZjNkOC00MzhhLThhYzQtMmU1OTFiZGU3YzMzXkEyXkFqcGdeQXVyMjk3NTUyOTc@._V1._SX100_SY140_.jpg;null;false;false
Harry Strickland;Marc Rissmann;/name/nm4704928/;https://images-na.ssl-images-amazon.com/images/M/MV5BZGVkZjRkMzUtMzgzYy00YzcyLThhZmMtNDMxMGNmNGRmNWQyXkEyXkFqcGdeQXVyNDgzNTg0OTA@._V1_.jpg;https://images-na.ssl-images-amazon.com/images/M/MV5BZGVkZjRkMzUtMzgzYy00YzcyLThhZmMtNDMxMGNmNGRmNWQyXkEyXkFqcGdeQXVyNDgzNTg0OTA@._V1._SX100_SY140_.jpg;null;false;false
High Priestess;Souad Faress;/name/nm0267256/;https://images-na.ssl-images-amazon.com/images/M/MV5BMjA1MzQxOTMwM15BMl5BanBnXkFtZTgwMzkwMzg4ODE@._V1_SY1000_CR0,0,1502,1000_AL_.jpg;https://images-na.ssl-images-amazon.com/images/M/MV5BMjA1MzQxOTMwM15BMl5BanBnXkFtZTgwMzkwMzg4ODE@._V1._SX100_SY140_.jpg;null;false;false
High Septon;David Verrey;/name/nm0894857/;null;null;null;false;false
High Septon;Paul Bentley;/name/nm0072855/;https://images-na.ssl-images-amazon.com/images/M/MV5BNDYyYTc3OTgtMmE1Mi00NDVmLWIyNjYtOTIwNDAyYmVmN2E5XkEyXkFqcGdeQXVyMjk3NTUyOTc@._V1_.jpg;https://images-na.ssl-images-amazon.com/images/M/MV5BNDYyYTc3OTgtMmE1Mi00NDVmLWIyNjYtOTIwNDAyYmVmN2E5XkEyXkFqcGdeQXVyMjk3NTUyOTc@._V1._SX100_SY140_.jpg;null;false;false
High Sparrow;Jonathan Pryce;/name/nm0000596/;https://images-na.ssl-images-amazon.com/images/M/MV5BMTcyOTk0MjExMF5BMl5BanBnXkFtZTgwODk5Njk5NzE@._V1_SY1000_CR0,0,1504,1000_AL_.jpg;https://images-na.ssl-images-amazon.com/images/M/MV5BMTcyOTk0MjExMF5BMl5BanBnXkFtZTgwODk5Njk5NzE@._V1._SX100_SY140_.jpg;null;false;false
Hizdahr zo Loraq;Joel Fry;/name/nm2181128/;https://images-na.ssl-images-amazon.com/images/M/MV5BNWQ4YjdmZjItYmExNi00YmNlLWJjZmYtNWEwMmEzNGFjYmFjXkEyXkFqcGdeQXVyMjk3NTUyOTc@._V1_.jpg;https://images-na.ssl-images-amazon.com/images/M/MV5BNWQ4YjdmZjItYmExNi00YmNlLWJjZmYtNWEwMmEzNGFjYmFjXkEyXkFqcGdeQXVyMjk3NTUyOTc@._V1._SX100_SY140_.jpg;null;false;false
Hodor;Kristian Nairn;/name/nm3964231/;https://images-na.ssl-images-amazon.com/images/M/MV5BMjEzMzU4MDEyNF5BMl5BanBnXkFtZTcwNDM2ODg4OQ@@._V1_.jpg;https://images-na.ssl-images-amazon.com/images/M/MV5BMjEzMzU4MDEyNF5BMl5BanBnXkFtZTcwNDM2ODg4OQ@@._V1._SX100_SY140_.jpg;null;false;false
Hoster Tully;Christopher Newman;/name/nm0628040/;https://images-na.ssl-images-amazon.com/images/M/MV5BNTY3YzMzOWUtNzNjYi00ODYzLThjNjUtNzc4NzFlNmE2NjgyXkEyXkFqcGdeQXVyMjk3NTUyOTc@._V1_.jpg;https://images-na.ssl-images-amazon.com/images/M/MV5BNTY3YzMzOWUtNzNjYi00ODYzLThjNjUtNzc4NzFlNmE2NjgyXkEyXkFqcGdeQXVyMjk3NTUyOTc@._V1._SX100_SY140_.jpg;null;false;false
Hot Pie;Ben Hawkey;/name/nm3444954/;https://images-na.ssl-images-amazon.com/images/M/MV5BOTQyNTI4NDg4M15BMl5BanBnXkFtZTcwNDk4NDk4OQ@@._V1_.jpg;https://images-na.ssl-images-amazon.com/images/M/MV5BOTQyNTI4NDg4M15BMl5BanBnXkFtZTcwNDk4NDk4OQ@@._V1._SX100_SY140_.jpg;null;false;false
Howland Reed;Leo Woodruff;/name/nm4547262/;https://images-na.ssl-images-amazon.com/images/M/MV5BOTdkNjRkMTAtZGMwOS00OTA4LWE5NzktNDIyOTNiOTM0ZjkxXkEyXkFqcGdeQXVyMjk3NTUyOTc@._V1_.jpg;https://images-na.ssl-images-amazon.com/images/M/MV5BOTdkNjRkMTAtZGMwOS00OTA4LWE5NzktNDIyOTNiOTM0ZjkxXkEyXkFqcGdeQXVyMjk3NTUyOTc@._V1._SX100_SY140_.jpg;null;false;false
Hugh of the Vale;Jefferson Hall;/name/nm2131630/;https://images-na.ssl-images-amazon.com/images/M/MV5BODRhNGQwNDgtNDEwNS00MWRlLWJmZTQtMTJlNjNmZTI1ZDk5XkEyXkFqcGdeQXVyMjk3NTUyOTc@._V1_.jpg;https://images-na.ssl-images-amazon.com/images/M/MV5BODRhNGQwNDgtNDEwNS00MWRlLWJmZTQtMTJlNjNmZTI1ZDk5XkEyXkFqcGdeQXVyMjk3NTUyOTc@._V1._SX100_SY140_.jpg;null;false;false
Illyrio Mopatis;Roger Allam;/name/nm0019885/;https://images-na.ssl-images-amazon.com/images/M/MV5BMzM1OWY0ZmUtNWM5Ny00NzgzLWFhMmUtOWY1Njc3NmNkZmM1XkEyXkFqcGdeQXVyMjk3NTUyOTc@._V1_.jpg;https://images-na.ssl-images-amazon.com/images/M/MV5BMzM1OWY0ZmUtNWM5Ny00NzgzLWFhMmUtOWY1Njc3NmNkZmM1XkEyXkFqcGdeQXVyMjk3NTUyOTc@._V1._SX100_SY140_.jpg;null;false;false
Ilyn Payne;Wilko Johnson;/name/nm3330122/;https://images-na.ssl-images-amazon.com/images/M/MV5BOGY5ZGE1OGUtODYwNS00OTVlLWE1MWItMzI5NDBmYWIwZTI4XkEyXkFqcGdeQXVyMjk3NTUyOTc@._V1_.jpg;https://images-na.ssl-images-amazon.com/images/M/MV5BOGY5ZGE1OGUtODYwNS00OTVlLWE1MWItMzI5NDBmYWIwZTI4XkEyXkFqcGdeQXVyMjk3NTUyOTc@._V1._SX100_SY140_.jpg;null;false;false
Irri;Amrita Acharia;/name/nm3822505/;https://images-na.ssl-images-amazon.com/images/M/MV5BY2Y0ZmNiMjItNzVmNi00MGEyLWFhMTUtZDZkYTBmZjFiZDY1XkEyXkFqcGdeQXVyMjk3NTUyOTc@._V1_.jpg;https://images-na.ssl-images-amazon.com/images/M/MV5BY2Y0ZmNiMjItNzVmNi00MGEyLWFhMTUtZDZkYTBmZjFiZDY1XkEyXkFqcGdeQXVyMjk3NTUyOTc@._V1._SX100_SY140_.jpg;null;false;false
Izembaro;Richard E. Grant;/name/nm0001290/;https://images-na.ssl-images-amazon.com/images/M/MV5BN2NkZmFkMmItNzhiMy00ZTJkLThjM2YtNzBhMzU0ZmJkZjI4XkEyXkFqcGdeQXVyMjk3NTUyOTc@._V1_.jpg;https://images-na.ssl-images-amazon.com/images/M/MV5BN2NkZmFkMmItNzhiMy00ZTJkLThjM2YtNzBhMzU0ZmJkZjI4XkEyXkFqcGdeQXVyMjk3NTUyOTc@._V1._SX100_SY140_.jpg;null;false;false
Jacks;Paul Caddell;/name/nm4781280/;null;null;null;false;false
Jafer Flowers;null;null;null;null;null;false;false
Jaime Lannister;Nikolaj Coster-Waldau;/name/nm0182666/;https://images-na.ssl-images-amazon.com/images/M/MV5BMjIzMzU1NjM1MF5BMl5BanBnXkFtZTcwMzIxODg4OQ@@._V1_.jpg;https://images-na.ssl-images-amazon.com/images/M/MV5BMjIzMzU1NjM1MF5BMl5BanBnXkFtZTcwMzIxODg4OQ@@._V1._SX100_SY140_.jpg;The Kingslayer;false;true
Janos Slynt;Dominic Carter;/name/nm0141582/;https://images-na.ssl-images-amazon.com/images/M/MV5BNGUwMzllZGEtZjdkZi00NTgwLTgxY2UtODFhZjZlZDNmN2ZkXkEyXkFqcGdeQXVyMjk3NTUyOTc@._V1_.jpg;https://images-na.ssl-images-amazon.com/images/M/MV5BNGUwMzllZGEtZjdkZi00NTgwLTgxY2UtODFhZjZlZDNmN2ZkXkEyXkFqcGdeQXVyMjk3NTUyOTc@._V1_SY100_SX100_AL_.jpg;null;false;false
Jaqen H'ghar;Tom Wlaschiha;/name/nm0937239/;https://images-na.ssl-images-amazon.com/images/M/MV5BMTA1MjI5MzYwNzNeQTJeQWpwZ15BbWU3MDkxNDcxOTk@._V1_.jpg;https://images-na.ssl-images-amazon.com/images/M/MV5BMTA1MjI5MzYwNzNeQTJeQWpwZ15BbWU3MDkxNDcxOTk@._V1._SX100_SY140_.jpg;null;false;false
Jaqen's Disguise;Patrick O'Kane;/name/nm0641433/;null;null;null;false;false
Jaremy Rykker;Jeffrey O'Brien;/name/nm4475335/;https://images-na.ssl-images-amazon.com/images/M/MV5BMjg4YjRmMDYtZjcyMS00YjM3LTg4OWQtZTg2MDFiZTJkZDIwXkEyXkFqcGdeQXVyMjk3NTUyOTc@._V1_.jpg;https://images-na.ssl-images-amazon.com/images/M/MV5BMjg4YjRmMDYtZjcyMS00YjM3LTg4OWQtZTg2MDFiZTJkZDIwXkEyXkFqcGdeQXVyMjk3NTUyOTc@._V1._SX100_SY140_.jpg;null;false;false
Jeor Mormont;James Cosmo;/name/nm0181920/;https://images-na.ssl-images-amazon.com/images/M/MV5BODAwODYyNzk0NV5BMl5BanBnXkFtZTcwNDI2NDk4OQ@@._V1_.jpg;https://images-na.ssl-images-amazon.com/images/M/MV5BODAwODYyNzk0NV5BMl5BanBnXkFtZTcwNDI2NDk4OQ@@._V1._SX100_SY140_.jpg;null;false;false
Jhiqui;Sarita Piotrowski;/name/nm4424689/;null;null;null;false;false
Joffrey Baratheon;Jack Gleeson;/name/nm0322416/;https://images-na.ssl-images-amazon.com/images/M/MV5BMTk1NDg5MTAwMl5BMl5BanBnXkFtZTcwOTIwODg4OQ@@._V1_SY1000_CR0,0,818,1000_AL_.jpg;https://images-na.ssl-images-amazon.com/images/M/MV5BMTk1NDg5MTAwMl5BMl5BanBnXkFtZTcwOTIwODg4OQ@@._V1._SX100_SY140_.jpg;null;true;false
Jojen Reed;Thomas Brodie-Sangster;/name/nm1032473/;https://images-na.ssl-images-amazon.com/images/M/MV5BMTg0OTU4MTk4M15BMl5BanBnXkFtZTcwMTE4MTE5OQ@@._V1_.jpg;https://images-na.ssl-images-amazon.com/images/M/MV5BMTg0OTU4MTk4M15BMl5BanBnXkFtZTcwMTE4MTE5OQ@@._V1._SX100_SY140_.jpg;null;false;false
Jon Arryn;John Standing;/name/nm0822062/;https://images-na.ssl-images-amazon.com/images/M/MV5BYmJiMzVjYzEtODA2ZC00NTkwLWI1ZDEtNDUxM2Y1NzcxZjU0XkEyXkFqcGdeQXVyNDUzOTQ5MjY@._V1_.jpg;https://images-na.ssl-images-amazon.com/images/M/MV5BYmJiMzVjYzEtODA2ZC00NTkwLWI1ZDEtNDUxM2Y1NzcxZjU0XkEyXkFqcGdeQXVyNDUzOTQ5MjY@._V1._SX100_SY140_.jpg;null;false;false
Jon Snow;Kit Harington;/name/nm3229685/;https://images-na.ssl-images-amazon.com/images/M/MV5BMTkwMjUxMDk2OV5BMl5BanBnXkFtZTcwMzg3MTg4OQ@@._V1_.jpg;https://images-na.ssl-images-amazon.com/images/M/MV5BMTkwMjUxMDk2OV5BMl5BanBnXkFtZTcwMzg3MTg4OQ@@._V1._SX100_SY140_.jpg;null;true;false
Jonos Bracken;Gerry O'Brien;/name/nm0639569/;null;null;null;false;false
Jorah Mormont;Iain Glen;/name/nm0322513/;https://images-na.ssl-images-amazon.com/images/M/MV5BMTkzNTcxMDI2NV5BMl5BanBnXkFtZTcwMzgxNzI4OQ@@._V1._CR225,437,407,405_.jpg;https://images-na.ssl-images-amazon.com/images/M/MV5BMTkzNTcxMDI2NV5BMl5BanBnXkFtZTcwMzgxNzI4OQ@@._V1._CR225,437,407,405._SX100_SY140_.jpg;null;false;false
Jory Cassel;Jamie Sives;/name/nm0803397/;https://images-na.ssl-images-amazon.com/images/M/MV5BZTg3OGE5MDktNmYxOS00YmFiLWFjMDYtMTBkMjlhYWJhZjYzXkEyXkFqcGdeQXVyMjk3NTUyOTc@._V1_.jpg;https://images-na.ssl-images-amazon.com/images/M/MV5BZTg3OGE5MDktNmYxOS00YmFiLWFjMDYtMTBkMjlhYWJhZjYzXkEyXkFqcGdeQXVyMjk3NTUyOTc@._V1._SX100_SY140_.jpg;null;false;false
Joyeuse Erenford;Kelly Long;/name/nm4958677/;https://images-na.ssl-images-amazon.com/images/M/MV5BMjA4MTU5NDQzM15BMl5BanBnXkFtZTcwNjQxNDM2OQ@@._V1_SY1000_CR0,0,1503,1000_AL_.jpg;https://images-na.ssl-images-amazon.com/images/M/MV5BMjA4MTU5NDQzM15BMl5BanBnXkFtZTcwNjQxNDM2OQ@@._V1._SX100_SY140_.jpg;null;false;false
Karl Tanner;Burn Gorman;/name/nm1218607/;https://images-na.ssl-images-amazon.com/images/M/MV5BNDEwZGVlODEtM2VhNC00ZjJmLTlmMjAtNzBlNTdmOTcwZGY2XkEyXkFqcGdeQXVyMjk3NTUyOTc@._V1_.jpg;https://images-na.ssl-images-amazon.com/images/M/MV5BNDEwZGVlODEtM2VhNC00ZjJmLTlmMjAtNzBlNTdmOTcwZGY2XkEyXkFqcGdeQXVyMjk3NTUyOTc@._V1._SX100_SY140_.jpg;null;false;false
Karsi;Birgitte Hjort Sørensen;/name/nm2171898/;https://images-na.ssl-images-amazon.com/images/M/MV5BMjcxZWVjZTMtZTBhOS00ZjM5LTkxOTctNzdkMmU2ZTIzYzU5XkEyXkFqcGdeQXVyMjk3NTUyOTc@._V1_.jpg;https://images-na.ssl-images-amazon.com/images/M/MV5BMjcxZWVjZTMtZTBhOS00ZjM5LTkxOTctNzdkMmU2ZTIzYzU5XkEyXkFqcGdeQXVyMjk3NTUyOTc@._V1._SX100_SY140_.jpg;null;false;false
Kayla;Pixie Le Knot;/name/nm4768858/;https://images-na.ssl-images-amazon.com/images/M/MV5BZmJhNmU5NGItMmUwNC00NDgxLThlYWMtMzc0NTQ4YmZiMDIxXkEyXkFqcGdeQXVyMjk3NTUyOTc@._V1_SY1000_CR0,0,1718,1000_AL_.jpg;https://images-na.ssl-images-amazon.com/images/M/MV5BZmJhNmU5NGItMmUwNC00NDgxLThlYWMtMzc0NTQ4YmZiMDIxXkEyXkFqcGdeQXVyMjk3NTUyOTc@._V1._SX100_SY140_.jpg;null;false;false
Kegs;Tim Landers;/name/nm2461009/;null;null;null;false;false
Kevan Lannister;Ian Gelder;/name/nm0312245/;https://images-na.ssl-images-amazon.com/images/M/MV5BMjZkMzliOWYtODIwNS00ZTU2LWIxNTAtYjFlNTA1YjdhNzc4XkEyXkFqcGdeQXVyMjk3NTUyOTc@._V1_.jpg;https://images-na.ssl-images-amazon.com/images/M/MV5BMjZkMzliOWYtODIwNS00ZTU2LWIxNTAtYjFlNTA1YjdhNzc4XkEyXkFqcGdeQXVyMjk3NTUyOTc@._V1._SX100_SY140_.jpg;null;false;false
Khal Drogo;Jason Momoa;/name/nm0597388/;https://images-na.ssl-images-amazon.com/images/M/MV5BMTQzMTE2MjczM15BMl5BanBnXkFtZTcwMDA5NDk4OQ@@._V1_.jpg;https://images-na.ssl-images-amazon.com/images/M/MV5BMTQzMTE2MjczM15BMl5BanBnXkFtZTcwMDA5NDk4OQ@@._V1._SX100_SY140_.jpg;null;false;false
Khal Moro;Joseph Naufahu;/name/nm0622533/;https://images-na.ssl-images-amazon.com/images/M/MV5BN2ZkODIwY2MtNzViYS00NDEwLWE2ZjItZDFiMzg1MWVjMzQwXkEyXkFqcGdeQXVyMjk3NTUyOTc@._V1_.jpg;https://images-na.ssl-images-amazon.com/images/M/MV5BN2ZkODIwY2MtNzViYS00NDEwLWE2ZjItZDFiMzg1MWVjMzQwXkEyXkFqcGdeQXVyMjk3NTUyOTc@._V1._SX100_SY140_.jpg;null;false;false
Khal Rhalko;Andrei Claude;/name/nm3040811/;https://images-na.ssl-images-amazon.com/images/M/MV5BYTFkMWRiMDItN2Q2Ny00N2VlLWIxMzYtZDMwODkwNDE4ZTYyXkEyXkFqcGdeQXVyMTk0NzA0Njg@._V1_.jpg;https://images-na.ssl-images-amazon.com/images/M/MV5BYTFkMWRiMDItN2Q2Ny00N2VlLWIxMzYtZDMwODkwNDE4ZTYyXkEyXkFqcGdeQXVyMTk0NzA0Njg@._V1._SX100_SY140_.jpg;null;false;false
King Joffrey Baratheon Dwarf;Raymond Griffiths;/name/nm0341739/;null;null;null;false;false
King Renly Baratheon Dwarf;Dean Whatton;/name/nm2482781/;null;null;null;false;false
King Robb Stark Dwarf;George Appleby;/name/nm3338062/;null;null;null;false;false
King Stannis Baratheon Dwarf;Maxwell Laird;/name/nm3453345/;null;null;null;false;false
King's Landing Rioter #1;Reg Wayment;/name/nm1168404/;null;null;null;false;false
King's Landing Rioter #2;Marko Juraga;/name/nm0432837/;null;null;null;false;false
King's Landing Rioter #3;Rea Separovic;/name/nm5037688/;null;null;null;false;false
Kinvara;Ania Bukstein;/name/nm0119804/;https://images-na.ssl-images-amazon.com/images/M/MV5BZGNkYWZlZmYtM2Y4Yi00YmJjLTk1OTktNDc0YmMxODY5ZTI2XkEyXkFqcGdeQXVyMjk3NTUyOTc@._V1_.jpg;https://images-na.ssl-images-amazon.com/images/M/MV5BZGNkYWZlZmYtM2Y4Yi00YmJjLTk1OTktNDc0YmMxODY5ZTI2XkEyXkFqcGdeQXVyMjk3NTUyOTc@._V1._SX100_SY140_.jpg;null;false;false
Kitty Frey;Lucy Hayes;/name/nm8314450/;null;null;null;false;false
Knight of House Frey;Patrick Ryan;/name/nm3122423/;null;null;null;false;false
Knight of House Lynderly;Paddy Rocks;/name/nm0734304/;null;null;null;false;false
Kovarro;Steven Cole;/name/nm0170799/;https://images-na.ssl-images-amazon.com/images/M/MV5BZjRmMzgyY2QtMzNmYy00NmRhLWIxNzItOGEwOWU2MzA5YjUwXkEyXkFqcGdeQXVyMjk3NTUyOTc@._V1_.jpg;https://images-na.ssl-images-amazon.com/images/M/MV5BZjRmMzgyY2QtMzNmYy00NmRhLWIxNzItOGEwOWU2MzA5YjUwXkEyXkFqcGdeQXVyMjk3NTUyOTc@._V1._SX100_SY140_.jpg;null;false;false
Kraznys mo Nakloz;Dan Hildebrand;/name/nm0383835/;https://images-na.ssl-images-amazon.com/images/M/MV5BMWIzZGY0NWUtMmM1OC00NDYzLTkxMjYtM2I1MGM5MTkzODMwXkEyXkFqcGdeQXVyMjk3NTUyOTc@._V1_.jpg;https://images-na.ssl-images-amazon.com/images/M/MV5BMWIzZGY0NWUtMmM1OC00NDYzLTkxMjYtM2I1MGM5MTkzODMwXkEyXkFqcGdeQXVyMjk3NTUyOTc@._V1._SX100_SY140_.jpg;null;false;false
Kurleket;Kevin Keenan;/name/nm4450657/;https://images-na.ssl-images-amazon.com/images/M/MV5BMmY3NWI0YTItNWFkZi00MTVlLWIyNDQtN2MwYjY0ZjhhOTdlXkEyXkFqcGdeQXVyMjk3NTUyOTc@._V1_.jpg;https://images-na.ssl-images-amazon.com/images/M/MV5BMmY3NWI0YTItNWFkZi00MTVlLWIyNDQtN2MwYjY0ZjhhOTdlXkEyXkFqcGdeQXVyMjk3NTUyOTc@._V1._SX100_SY140_.jpg;null;false;false
Lady;null;null;null;null;null;false;false
Lady Crane;Essie Davis;/name/nm0204583/;https://images-na.ssl-images-amazon.com/images/M/MV5BZTUyOTFlNjgtYzJjYS00MDY5LWJhMDQtYTJiZThjOTlmNTg3XkEyXkFqcGdeQXVyMjk3NTUyOTc@._V1_.jpg;https://images-na.ssl-images-amazon.com/images/M/MV5BZTUyOTFlNjgtYzJjYS00MDY5LWJhMDQtYTJiZThjOTlmNTg3XkEyXkFqcGdeQXVyMjk3NTUyOTc@._V1._SX100_SY140_.jpg;null;false;false
Lancel Lannister;Eugene Simon;/name/nm1638294/;https://images-na.ssl-images-amazon.com/images/M/MV5BMjI0MTQ5MzEzNV5BMl5BanBnXkFtZTgwNTQ4MDA2NTE@._V1_SY1000_CR0,0,1503,1000_AL_.jpg;https://images-na.ssl-images-amazon.com/images/M/MV5BMjI0MTQ5MzEzNV5BMl5BanBnXkFtZTgwNTQ4MDA2NTE@._V1._SX100_SY140_.jpg;null;false;false
Lannister Captain;Aiden Condron;/name/nm0174449/;null;null;null;false;false
Lannister Captain;Richard Laing;/name/nm0481924/;null;null;null;false;false
Lannister Guardsman;Conor Delaney;/name/nm1406364/;null;null;null;false;false
Lannister Messenger;Simon Stewart;/name/nm4492930/;null;null;null;false;false
Lannister Scout;Chris Gallagher;/name/nm3292422/;null;null;null;false;false
Lead Dornish Guard;Christian Vit;/name/nm5908524/;https://images-na.ssl-images-amazon.com/images/M/MV5BMTYwMzM5ODM3OV5BMl5BanBnXkFtZTgwMjU1ODg2NTE@._V1_SX865_CR0,0,865,999_AL_.jpg;https://images-na.ssl-images-amazon.com/images/M/MV5BMTYwMzM5ODM3OV5BMl5BanBnXkFtZTgwMjU1ODg2NTE@._V1._SX100_SY140_.jpg;null;false;false
Leaf;null;null;https://images-na.ssl-images-amazon.com/images/M/MV5BYTJjNGJhYmYtNGViMy00NTg3LWI0M2YtNmM3OGI3NzA3MGVjXkEyXkFqcGdeQXVyMjk3NTUyOTc@._V1_.jpg;https://images-na.ssl-images-amazon.com/images/M/MV5BYTJjNGJhYmYtNGViMy00NTg3LWI0M2YtNmM3OGI3NzA3MGVjXkEyXkFqcGdeQXVyMjk3NTUyOTc@._V1._SX100_SY140_.jpg;null;false;false
Lem Lemoncloak;Jóhannes Haukur Jóhannesson;/name/nm1778512/;https://images-na.ssl-images-amazon.com/images/M/MV5BZWYxOGUwODAtZmY0MS00OTFkLWI0YTUtZTkxNjI1ZjE1YmJhXkEyXkFqcGdeQXVyMjk3NTUyOTc@._V1_.jpg;https://images-na.ssl-images-amazon.com/images/M/MV5BZWYxOGUwODAtZmY0MS00OTFkLWI0YTUtZTkxNjI1ZjE1YmJhXkEyXkFqcGdeQXVyMjk3NTUyOTc@._V1._SX100_SY140_.jpg;null;false;false
Leo Lefford;Vinnie McCabe;/name/nm0564516/;null;null;null;false;false
Lhara;Sarine Sofair;/name/nm3330066/;https://images-na.ssl-images-amazon.com/images/M/MV5BMTBjZDY4M2YtOWU1ZC00NTA2LWI4ODItYWZjYjlhMWY5NDhmL2ltYWdlXkEyXkFqcGdeQXVyMjk3NTUyOTc@._V1_.jpg;https://images-na.ssl-images-amazon.com/images/M/MV5BMTBjZDY4M2YtOWU1ZC00NTA2LWI4ODItYWZjYjlhMWY5NDhmL2ltYWdlXkEyXkFqcGdeQXVyMjk3NTUyOTc@._V1._SX100_SY140_.jpg;null;false;false
Little Bird;Samuel Paul Small;/name/nm6537691/;null;null;null;false;false
Little Bird;Tristan Mercieca;/name/nm4475204/;null;null;null;false;false
Little Bird #3;Michael Nevin;/name/nm8127150/;null;null;null;false;false
Little Bird #4;Jesse Magee;/name/nm8127151/;null;null;null;false;false
Little Bird #5;Iona Clarke;/name/nm8133415/;null;null;null;false;false
Little Bird #6;Lucy Gallagher;/name/nm8127152/;null;null;null;false;false
Little Bird #7;Fionn Kernan;/name/nm6462692/;null;null;null;false;false
Loboda;Zachary Baharov;/name/nm1707712/;https://images-na.ssl-images-amazon.com/images/M/MV5BMDU5NzIxYzQtNDExMi00YTljLThiNjItMWIxNDEwZTJhNjZkXkEyXkFqcGdeQXVyMjk3NTUyOTc@._V1_.jpg;https://images-na.ssl-images-amazon.com/images/M/MV5BMDU5NzIxYzQtNDExMi00YTljLThiNjItMWIxNDEwZTJhNjZkXkEyXkFqcGdeQXVyMjk3NTUyOTc@._V1._SX100_SY140_.jpg;null;false;false
Locke;Noah Taylor;/name/nm0852965/;https://images-na.ssl-images-amazon.com/images/M/MV5BOTg1MDM2ODE0MF5BMl5BanBnXkFtZTcwNzM4MzA0OQ@@._V1_SY1000_CR0,0,665,1000_AL_.jpg;https://images-na.ssl-images-amazon.com/images/M/MV5BOTg1MDM2ODE0MF5BMl5BanBnXkFtZTcwNzM4MzA0OQ@@._V1._SX100_SY140_.jpg;null;false;false
Lollys Stokeworth;Elizabeth Cadwallader;/name/nm5502252/;https://images-na.ssl-images-amazon.com/images/M/MV5BODQ5MTY2MjAtZmM4NC00OGZmLWIyYjEtYTNlOGQxMzg2NzgxXkEyXkFqcGdeQXVyMjk3NTUyOTc@._V1_.jpg;https://images-na.ssl-images-amazon.com/images/M/MV5BODQ5MTY2MjAtZmM4NC00OGZmLWIyYjEtYTNlOGQxMzg2NzgxXkEyXkFqcGdeQXVyMjk3NTUyOTc@._V1._SX100_SY140_.jpg;null;false;false
Lommy Greenhands;Eros Vlahos;/name/nm2869309/;https://images-na.ssl-images-amazon.com/images/M/MV5BMTg2MWUxMzYtMTAxNy00M2MzLTk5N2QtOTY1ZTE1ZGE2OTU4XkEyXkFqcGdeQXVyMjk3NTUyOTc@._V1_.jpg;https://images-na.ssl-images-amazon.com/images/M/MV5BMTg2MWUxMzYtMTAxNy00M2MzLTk5N2QtOTY1ZTE1ZGE2OTU4XkEyXkFqcGdeQXVyMjk3NTUyOTc@._V1._SX100_SY140_.jpg;null;false;false
Loras Tyrell;Finn Jones;/name/nm3645691/;https://images-na.ssl-images-amazon.com/images/M/MV5BNzcwNDAxZGMtODU1Mi00YzA2LWJhMzYtN2FjZjg2YWZlMTQ4XkEyXkFqcGdeQXVyMjk3NTUyOTc@._V1_.jpg;https://images-na.ssl-images-amazon.com/images/M/MV5BNzcwNDAxZGMtODU1Mi00YzA2LWJhMzYtN2FjZjg2YWZlMTQ4XkEyXkFqcGdeQXVyMjk3NTUyOTc@._V1._SX100_SY140_.jpg;null;false;false
Lord Galbart Glover;Mark Coney;/name/nm5651524/;null;null;null;false;false
Lord Portan;Gordon Fulton;/name/nm1101680/;null;null;null;false;false
Lord Varys;Conleth Hill;/name/nm0384152/;https://images-na.ssl-images-amazon.com/images/M/MV5BMTkzNDk2MjczM15BMl5BanBnXkFtZTcwODk0ODg4OQ@@._V1_.jpg;https://images-na.ssl-images-amazon.com/images/M/MV5BMTkzNDk2MjczM15BMl5BanBnXkFtZTcwODk0ODg4OQ@@._V1._SX100_SY140_.jpg;null;false;false
Lordsport Dockhand;Jer O'Leary;/name/nm0641596/;null;null;null;false;false
Lothar Frey;null;null;https://images-na.ssl-images-amazon.com/images/M/MV5BMDc0NDA3YmYtZTNjYi00ZDExLWE2NTUtNzk5NjI3MGI3NzM0XkEyXkFqcGdeQXVyMjk3NTUyOTc@._V1_.jpg;https://images-na.ssl-images-amazon.com/images/M/MV5BMDc0NDA3YmYtZTNjYi00ZDExLWE2NTUtNzk5NjI3MGI3NzM0XkEyXkFqcGdeQXVyMjk3NTUyOTc@._V1._SX100_SY140_.jpg;null;false;false
Loyal Night's Watchman #1;Steve Cash;/name/nm3524836/;null;null;null;false;false
Loyal Night's Watchman #2;Robert Fawsitt;/name/nm6342915/;null;null;null;false;false
Lyanna Mormont;Bella Ramsey;/name/nm8165602/;https://images-na.ssl-images-amazon.com/images/M/MV5BOTY3MWNmYjAtZjZhYi00M2IzLWJjNDMtMjUzZmU3NTYyYWUxXkEyXkFqcGdeQXVyMjk3NTUyOTc@._V1_.jpg;https://images-na.ssl-images-amazon.com/images/M/MV5BOTY3MWNmYjAtZjZhYi00M2IzLWJjNDMtMjUzZmU3NTYyYWUxXkEyXkFqcGdeQXVyMjk3NTUyOTc@._V1._SX100_SY140_.jpg;null;false;false
Lyanna Stark;Aisling Franciosi;/name/nm4957233/;https://images-na.ssl-images-amazon.com/images/M/MV5BMTE5NTczY2QtNmQxYS00NTAwLWE2ZTAtYzc1MTkyZGU5MzRkL2ltYWdlL2ltYWdlXkEyXkFqcGdeQXVyMjk3NTUyOTc@._V1_.jpg;https://images-na.ssl-images-amazon.com/images/M/MV5BMTE5NTczY2QtNmQxYS00NTAwLWE2ZTAtYzc1MTkyZGU5MzRkL2ltYWdlL2ltYWdlXkEyXkFqcGdeQXVyMjk3NTUyOTc@._V1._SX100_SY140_.jpg;null;false;false
Lysa Arryn;Kate Dickie;/name/nm0225483/;https://images-na.ssl-images-amazon.com/images/M/MV5BMmNlYTYzOTYtOTg1ZC00YzdlLTliNTgtZDhjMTY1MGViZTA5XkEyXkFqcGdeQXVyMjk3NTUyOTc@._V1_.jpg;https://images-na.ssl-images-amazon.com/images/M/MV5BMmNlYTYzOTYtOTg1ZC00YzdlLTliNTgtZDhjMTY1MGViZTA5XkEyXkFqcGdeQXVyMjk3NTUyOTc@._V1._SX100_SY140_.jpg;null;false;false
Mace Tyrell;Roger Ashton-Griffiths;/name/nm0004355/;https://images-na.ssl-images-amazon.com/images/M/MV5BNTcyZWFjZjItYmI4NS00ZDE2LTg4Y2YtYWJkYWI5MWJlNWFjXkEyXkFqcGdeQXVyMjk3NTUyOTc@._V1_.jpg;https://images-na.ssl-images-amazon.com/images/M/MV5BNTcyZWFjZjItYmI4NS00ZDE2LTg4Y2YtYWJkYWI5MWJlNWFjXkEyXkFqcGdeQXVyMjk3NTUyOTc@._V1._SX100_SY140_.jpg;null;false;false
Maester Aemon;Peter Vaughan;/name/nm0891092/;https://images-na.ssl-images-amazon.com/images/M/MV5BMjI4NDY4MzI5NV5BMl5BanBnXkFtZTcwMTk0ODg5NA@@._V1_SX1500_CR0,0,1500,999_AL_.jpg;https://images-na.ssl-images-amazon.com/images/M/MV5BMjI4NDY4MzI5NV5BMl5BanBnXkFtZTcwMTk0ODg5NA@@._V1._SX100_SY140_.jpg;null;false;false
Maester Cressen;Oliver Ford Davies;/name/nm0203882/;https://images-na.ssl-images-amazon.com/images/M/MV5BYjFmNDZjM2YtMGRkMy00NWM2LThjNWUtYzFkZGRjMjk0YWZlXkEyXkFqcGdeQXVyMjk3NTUyOTc@._V1_.jpg;https://images-na.ssl-images-amazon.com/images/M/MV5BYjFmNDZjM2YtMGRkMy00NWM2LThjNWUtYzFkZGRjMjk0YWZlXkEyXkFqcGdeQXVyMjk3NTUyOTc@._V1._SX100_SY140_.jpg;null;false;false
Maester Luwin;Donald Sumpter;/name/nm0838910/;https://images-na.ssl-images-amazon.com/images/M/MV5BYjk0MmZiNmUtMTljMy00MmY1LTg1ODgtY2FkMjczMjI4ZWQzXkEyXkFqcGdeQXVyMjk3NTUyOTc@._V1_.jpg;https://images-na.ssl-images-amazon.com/images/M/MV5BYjk0MmZiNmUtMTljMy00MmY1LTg1ODgtY2FkMjczMjI4ZWQzXkEyXkFqcGdeQXVyMjk3NTUyOTc@._V1._SX100_SY140_.jpg;null;false;false
Maester Wolkan;Richard Rycroft;/name/nm1483416/;null;null;null;false;false
Mag the Mighty;Neil Fingleton;/name/nm2807170/;https://images-na.ssl-images-amazon.com/images/M/MV5BMDI5NjYzMDMtMmNkOC00MDA4LWI1OTctN2EzYzQ2ZmNiZWYwXkEyXkFqcGdeQXVyNDUzOTQ5MjY@._V1_SY1000_SX1000_AL_.jpg;https://images-na.ssl-images-amazon.com/images/M/MV5BMDI5NjYzMDMtMmNkOC00MDA4LWI1OTctN2EzYzQ2ZmNiZWYwXkEyXkFqcGdeQXVyNDUzOTQ5MjY@._V1._SX100_SY140_.jpg;null;false;false
Maggy;Jodhi May;/name/nm0562003/;https://images-na.ssl-images-amazon.com/images/M/MV5BZmQ4ZTIyNjYtZWZlZS00MTVjLTgxZTEtMWYyM2RhMzcwYzc4XkEyXkFqcGdeQXVyMjk3NTUyOTc@._V1_.jpg;https://images-na.ssl-images-amazon.com/images/M/MV5BZmQ4ZTIyNjYtZWZlZS00MTVjLTgxZTEtMWYyM2RhMzcwYzc4XkEyXkFqcGdeQXVyMjk3NTUyOTc@._V1._SX100_SY140_.jpg;null;false;false
Mago;Ivailo Dimitrov;/name/nm2162079/;https://images-na.ssl-images-amazon.com/images/M/MV5BNjdmM2ZlMTQtOGRlMy00NzAyLWE0MWYtM2JiMjNlNjA3MDU2XkEyXkFqcGdeQXVyMjg2MTMyNTM@._V1_SY1000_CR0,0,674,1000_AL_.jpg;https://images-na.ssl-images-amazon.com/images/M/MV5BNjdmM2ZlMTQtOGRlMy00NzAyLWE0MWYtM2JiMjNlNjA3MDU2XkEyXkFqcGdeQXVyMjg2MTMyNTM@._V1._SX100_SY140_.jpg;null;false;false
Male Prostitute;Dennis Stokes;/name/nm4982614/;null;null;null;false;false
Malko;Adewale Akinnuoye-Agbaje;/name/nm0015382/;https://images-na.ssl-images-amazon.com/images/M/MV5BZmUwYTA2YjUtZWU5Zi00OTY1LTlhYjMtOGRhMDZlNTEyOTEzXkEyXkFqcGdeQXVyMjk3NTUyOTc@._V1_.jpg;https://images-na.ssl-images-amazon.com/images/M/MV5BZmUwYTA2YjUtZWU5Zi00OTY1LTlhYjMtOGRhMDZlNTEyOTEzXkEyXkFqcGdeQXVyMjk3NTUyOTc@._V1._SX100_SY140_.jpg;null;false;false
Mance Rayder;Ciarán Hinds;/name/nm0001354/;https://images-na.ssl-images-amazon.com/images/M/MV5BMTU3NzQyNjAwNF5BMl5BanBnXkFtZTcwODcyMTEwOQ@@._V1_SY1000_CR0,0,666,1000_AL_.jpg;https://images-na.ssl-images-amazon.com/images/M/MV5BMTU3NzQyNjAwNF5BMl5BanBnXkFtZTcwODcyMTEwOQ@@._V1._SX100_SY140_.jpg;null;false;false
Mandon Moore;James Doran;/name/nm0243696/;null;null;null;false;true
Manservant;Conor Watters;/name/nm6442298/;null;null;null;false;false
Marei;Josephine Gillan;/name/nm4982706/;https://images-na.ssl-images-amazon.com/images/M/MV5BYTZkM2M5OWItNjQ1NC00MDcyLWIwYjItODBhZmI5NWYxMDVlL2ltYWdlXkEyXkFqcGdeQXVyMjk3NTUyOTc@._V1_.jpg;https://images-na.ssl-images-amazon.com/images/M/MV5BYTZkM2M5OWItNjQ1NC00MDcyLWIwYjItODBhZmI5NWYxMDVlL2ltYWdlXkEyXkFqcGdeQXVyMjk3NTUyOTc@._V1._SX100_SY140_.jpg;null;false;false
Margaery Tyrell;Natalie Dormer;/name/nm1754059/;https://images-na.ssl-images-amazon.com/images/M/MV5BMTkzODQ1MDg3NV5BMl5BanBnXkFtZTcwODA4NDk4OQ@@._V1_.jpg;https://images-na.ssl-images-amazon.com/images/M/MV5BMTkzODQ1MDg3NV5BMl5BanBnXkFtZTcwODA4NDk4OQ@@._V1._SX100_SY140_.jpg;null;false;false
Margaery's Handmaiden;Aisling Jarrett-Gavin;/name/nm2983094/;https://images-na.ssl-images-amazon.com/images/M/MV5BMTk4NjcwMzAzN15BMl5BanBnXkFtZTcwNzgxNTcyOQ@@._V1_SX1500_CR0,0,1500,999_AL_.jpg;https://images-na.ssl-images-amazon.com/images/M/MV5BMTk4NjcwMzAzN15BMl5BanBnXkFtZTcwNzgxNTcyOQ@@._V1._SX100_SY140_.jpg;null;false;false
Marillion;Emun Elliott;/name/nm2047170/;https://images-na.ssl-images-amazon.com/images/M/MV5BNDVlZmU0NmYtOGM1MS00N2E0LTgxYTYtNTBhZDk1ZTM4M2ViXkEyXkFqcGdeQXVyMjk3NTUyOTc@._V1_.jpg;https://images-na.ssl-images-amazon.com/images/M/MV5BNDVlZmU0NmYtOGM1MS00N2E0LTgxYTYtNTBhZDk1ZTM4M2ViXkEyXkFqcGdeQXVyMjk3NTUyOTc@._V1._SX100_SY140_.jpg;null;false;false
Martyn Lannister;Dean-Charles Chapman;/name/nm2835616/;null;null;null;false;false
Masha Heddle;Susie Kelly;/name/nm3126053/;null;null;null;false;false
Matthos Seaworth;Kerr Logan;/name/nm4523680/;https://images-na.ssl-images-amazon.com/images/M/MV5BMTBlYmZlMGEtMzg5Yy00OGFjLWE3Y2MtNjc2NTViN2ExNzM3XkEyXkFqcGdeQXVyMjg2MTMyNTM@._V1_.jpg;https://images-na.ssl-images-amazon.com/images/M/MV5BMTBlYmZlMGEtMzg5Yy00OGFjLWE3Y2MtNjc2NTViN2ExNzM3XkEyXkFqcGdeQXVyMjg2MTMyNTM@._V1._SX100_SY140_.jpg;null;false;false
Meera Reed;Ellie Kendrick;/name/nm1697771/;https://images-na.ssl-images-amazon.com/images/M/MV5BMTQyOTQwNjI5OF5BMl5BanBnXkFtZTcwOTcyMTEwOQ@@._V1_SY1000_CR0,0,665,1000_AL_.jpg;https://images-na.ssl-images-amazon.com/images/M/MV5BMTQyOTQwNjI5OF5BMl5BanBnXkFtZTcwOTcyMTEwOQ@@._V1._SX100_SY140_.jpg;null;false;false
Meereen Slave Master;Laurence Doherty;/name/nm2911170/;null;null;null;false;false
Melessa Tarly;Samantha Spiro;/name/nm0819087/;https://images-na.ssl-images-amazon.com/images/M/MV5BN2U0YmU1Y2EtNTNkOS00MzIxLWI3OTgtNjUwNGY4YTNiNWJlXkEyXkFqcGdeQXVyMjk3NTUyOTc@._V1_.jpg;https://images-na.ssl-images-amazon.com/images/M/MV5BN2U0YmU1Y2EtNTNkOS00MzIxLWI3OTgtNjUwNGY4YTNiNWJlXkEyXkFqcGdeQXVyMjk3NTUyOTc@._V1._SX100_SY140_.jpg;null;false;false
Melisandre;Carice van Houten;/name/nm0396924/;https://images-na.ssl-images-amazon.com/images/M/MV5BMTk0MjI5NjQ2OV5BMl5BanBnXkFtZTcwODI4NDk4OQ@@._V1_.jpg;https://images-na.ssl-images-amazon.com/images/M/MV5BMTk0MjI5NjQ2OV5BMl5BanBnXkFtZTcwODI4NDk4OQ@@._V1._SX100_SY140_.jpg;null;false;false
Merchant Captain;Gary Pillai;/name/nm0997747/;null;null;null;false;false
Mero;Mark Killeen;/name/nm2075330/;https://images-na.ssl-images-amazon.com/images/M/MV5BZmUzODdkZTQtOTAxZC00MjI5LWFmZjctZDYyYTVlNzMxMjdiXkEyXkFqcGdeQXVyMjk3NTUyOTc@._V1_.jpg;https://images-na.ssl-images-amazon.com/images/M/MV5BZmUzODdkZTQtOTAxZC00MjI5LWFmZjctZDYyYTVlNzMxMjdiXkEyXkFqcGdeQXVyMjk3NTUyOTc@._V1._SX100_SY140_.jpg;null;false;false
Meryn Trant;Ian Beattie;/name/nm0064155/;https://images-na.ssl-images-amazon.com/images/M/MV5BNTVjYTRhZWMtM2QwOC00MmYyLTk3ZjAtYmI1ZTlhNmQ3NzE0XkEyXkFqcGdeQXVyMjk3NTUyOTc@._V1_.jpg;https://images-na.ssl-images-amazon.com/images/M/MV5BNTVjYTRhZWMtM2QwOC00MmYyLTk3ZjAtYmI1ZTlhNmQ3NzE0XkEyXkFqcGdeQXVyMjk3NTUyOTc@._V1._SX100_SY140_.jpg;null;false;false
Mhaegen;Antonia Christophers;/name/nm4460936/;null;null;null;false;false
Mikken;Boyd Rankin;/name/nm4595425/;null;null;null;false;false
Mirelle;Elisa Lasowski;/name/nm2489799/;https://images-na.ssl-images-amazon.com/images/M/MV5BMDFlYzUxNTktYjRiOC00NmM1LTg1OTYtOWMzZTlmOGI0MWE4XkEyXkFqcGdeQXVyMjk3NTUyOTc@._V1_.jpg;https://images-na.ssl-images-amazon.com/images/M/MV5BMDFlYzUxNTktYjRiOC00NmM1LTg1OTYtOWMzZTlmOGI0MWE4XkEyXkFqcGdeQXVyMjk3NTUyOTc@._V1._SX100_SY140_.jpg;null;false;false
Mirri Maz Duur;Mia Soteriou;/name/nm0815420/;https://images-na.ssl-images-amazon.com/images/M/MV5BNDNiMzM4ZTAtZDhkMy00OTI3LTkxNzgtMTVjNmU5YTEyYTVjXkEyXkFqcGdeQXVyMjk3NTUyOTc@._V1_.jpg;https://images-na.ssl-images-amazon.com/images/M/MV5BNDNiMzM4ZTAtZDhkMy00OTI3LTkxNzgtMTVjNmU5YTEyYTVjXkEyXkFqcGdeQXVyMjk3NTUyOTc@._V1._SX100_SY140_.jpg;null;false;false
Missandei;Nathalie Emmanuel;/name/nm2812026/;https://images-na.ssl-images-amazon.com/images/M/MV5BNTE5OTI0OTA0OV5BMl5BanBnXkFtZTcwODczOTAzOQ@@._V1_SY1000_CR0,0,666,1000_AL_.jpg;https://images-na.ssl-images-amazon.com/images/M/MV5BNTE5OTI0OTA0OV5BMl5BanBnXkFtZTcwODczOTAzOQ@@._V1._SX100_SY140_.jpg;null;false;false
Mord;Ciaran Bermingham;/name/nm2197118/;https://images-na.ssl-images-amazon.com/images/M/MV5BOGIzMmRlOWEtMjUwYy00OGM1LTkwNDEtZTlmODNkMWY4MWU3XkEyXkFqcGdeQXVyMjk3NTUyOTc@._V1_.jpg;https://images-na.ssl-images-amazon.com/images/M/MV5BOGIzMmRlOWEtMjUwYy00OGM1LTkwNDEtZTlmODNkMWY4MWU3XkEyXkFqcGdeQXVyMjk3NTUyOTc@._V1._SX100_SY140_.jpg;null;false;false
Mossador;Reece Noi;/name/nm0634139/;https://images-na.ssl-images-amazon.com/images/M/MV5BMGYxZjVkOGEtMWI0NS00ODc3LTlkMzUtMGFkNzJlMDc1MGY4XkEyXkFqcGdeQXVyMjk3NTUyOTc@._V1_.jpg;https://images-na.ssl-images-amazon.com/images/M/MV5BMGYxZjVkOGEtMWI0NS00ODc3LTlkMzUtMGFkNzJlMDc1MGY4XkEyXkFqcGdeQXVyMjk3NTUyOTc@._V1._SX100_SY140_.jpg;null;false;false
Musician #1;Nanna Bryndís Hilmarsdóttir;/name/nm5652293/;https://images-na.ssl-images-amazon.com/images/M/MV5BODA5NjA3ODY1NF5BMl5BanBnXkFtZTgwNzA5ODY2MTE@._V1_SY1000_CR0,0,1502,1000_AL_.jpg;https://images-na.ssl-images-amazon.com/images/M/MV5BODA5NjA3ODY1NF5BMl5BanBnXkFtZTgwNzA5ODY2MTE@._V1._SX100_SY140_.jpg;null;false;false
Musician #1;Jon Thor Birgisson;/name/nm1743706/;https://images-na.ssl-images-amazon.com/images/M/MV5BODA5NjA3ODY1NF5BMl5BanBnXkFtZTgwNzA5ODY2MTE@._V1_SY1000_CR0,0,1502,1000_AL_.jpg;https://images-na.ssl-images-amazon.com/images/M/MV5BODA5NjA3ODY1NF5BMl5BanBnXkFtZTgwNzA5ODY2MTE@._V1._SX100_SY140_.jpg;null;false;false
Musician #2;Ragnar Þórhallsson;/name/nm5652121/;https://images-na.ssl-images-amazon.com/images/M/MV5BODA5NjA3ODY1NF5BMl5BanBnXkFtZTgwNzA5ODY2MTE@._V1_SY1000_CR0,0,1502,1000_AL_.jpg;https://images-na.ssl-images-amazon.com/images/M/MV5BODA5NjA3ODY1NF5BMl5BanBnXkFtZTgwNzA5ODY2MTE@._V1._SX100_SY140_.jpg;null;false;false
Musician #2;Orri P. Dyrason;/name/nm1743714/;https://images-na.ssl-images-amazon.com/images/M/MV5BODA5NjA3ODY1NF5BMl5BanBnXkFtZTgwNzA5ODY2MTE@._V1_SY1000_CR0,0,1502,1000_AL_.jpg;https://images-na.ssl-images-amazon.com/images/M/MV5BODA5NjA3ODY1NF5BMl5BanBnXkFtZTgwNzA5ODY2MTE@._V1._SX100_SY140_.jpg;null;false;false
Musician #3;Georg Holm;/name/nm1743730/;https://images-na.ssl-images-amazon.com/images/M/MV5BODA5NjA3ODY1NF5BMl5BanBnXkFtZTgwNzA5ODY2MTE@._V1_SY1000_CR0,0,1502,1000_AL_.jpg;https://images-na.ssl-images-amazon.com/images/M/MV5BODA5NjA3ODY1NF5BMl5BanBnXkFtZTgwNzA5ODY2MTE@._V1._SX100_SY140_.jpg;null;false;false
Musician #3;Arnar Rosenkranz Hilmarsson;/name/nm8158202/;https://images-na.ssl-images-amazon.com/images/M/MV5BODA5NjA3ODY1NF5BMl5BanBnXkFtZTgwNzA5ODY2MTE@._V1_SY1000_CR0,0,1502,1000_AL_.jpg;https://images-na.ssl-images-amazon.com/images/M/MV5BODA5NjA3ODY1NF5BMl5BanBnXkFtZTgwNzA5ODY2MTE@._V1._SX100_SY140_.jpg;null;false;false
Musician #4;Brynjar Leifsson;/name/nm8158203/;https://images-na.ssl-images-amazon.com/images/M/MV5BODA5NjA3ODY1NF5BMl5BanBnXkFtZTgwNzA5ODY2MTE@._V1_SY1000_CR0,0,1502,1000_AL_.jpg;https://images-na.ssl-images-amazon.com/images/M/MV5BODA5NjA3ODY1NF5BMl5BanBnXkFtZTgwNzA5ODY2MTE@._V1._SX100_SY140_.jpg;null;false;false
Musician #5;Kristján Kristjánsson;/name/nm1944894/;https://images-na.ssl-images-amazon.com/images/M/MV5BODA5NjA3ODY1NF5BMl5BanBnXkFtZTgwNzA5ODY2MTE@._V1_SY1000_CR0,0,1502,1000_AL_.jpg;https://images-na.ssl-images-amazon.com/images/M/MV5BODA5NjA3ODY1NF5BMl5BanBnXkFtZTgwNzA5ODY2MTE@._V1._SX100_SY140_.jpg;null;false;false
Mycah;Rhodri Hosking;/name/nm4430905/;https://images-na.ssl-images-amazon.com/images/M/MV5BMmE5NjdjMzktZTYwNy00MzdhLWI2MjktNTUwNjA4OTA4MTAxXkEyXkFqcGdeQXVyMjk3NTUyOTc@._V1_.jpg;https://images-na.ssl-images-amazon.com/images/M/MV5BMmE5NjdjMzktZTYwNy00MzdhLWI2MjktNTUwNjA4OTA4MTAxXkEyXkFqcGdeQXVyMjk3NTUyOTc@._V1._SX100_SY140_.jpg;null;false;false
Myranda;Charlotte Hope;/name/nm3745225/;https://images-na.ssl-images-amazon.com/images/M/MV5BYmJjYTdiNjgtM2JmMC00ZmUxLWE1MzMtZWRiMzcwODZmNDE2XkEyXkFqcGdeQXVyMjk3NTUyOTc@._V1_.jpg;https://images-na.ssl-images-amazon.com/images/M/MV5BYmJjYTdiNjgtM2JmMC00ZmUxLWE1MzMtZWRiMzcwODZmNDE2XkEyXkFqcGdeQXVyMjk3NTUyOTc@._V1._SX100_SY140_.jpg;null;false;false
Myrcella Baratheon;null;null;https://images-na.ssl-images-amazon.com/images/M/MV5BMTA4OTA1MTIxMzdeQTJeQWpwZ15BbWU3MDY2NjQ4NTc@._V1_SY1000_CR0,0,665,1000_AL_.jpg;https://images-na.ssl-images-amazon.com/images/M/MV5BMTA4OTA1MTIxMzdeQTJeQWpwZ15BbWU3MDY2NjQ4NTc@._V1._SX100_SY140_.jpg;null;true;false
Ned Umber;Harry Grasby;/name/nm9132255/;null;null;null;false;false
Night's Watch Deserter;Barry John O'Connor;/name/nm3226454/;null;null;null;false;false
Night's Watch Messenger;Frank O'Sullivan;/name/nm0642751/;null;null;null;false;false
Night's Watch Officer;Dennis McKeever;/name/nm4475182/;null;null;null;false;false
Night's Watch Officer;Michael Stuart;/name/nm5792452/;null;null;null;false;false
Night's Watchman;Marcus Lamb;/name/nm2228622/;null;null;null;false;false
Night's Watchman;Michael Hooley;/name/nm6706699/;null;null;null;false;false
Night's Watchman;Patrick J Molloy;/name/nm3561455/;null;null;null;false;false
Night's Watchman #1;Michael Hayes;/name/nm0371160/;null;null;null;false;false
Night's Watchman #2;Ruairí Heading;/name/nm6316115/;null;null;null;false;false
Night's Watchman #2;Tony Flynn;/name/nm0283642/;null;null;null;false;false
Northman Rioter;Jed Murray;/name/nm5697839/;null;null;null;false;false
Nymeria;null;null;null;null;null;false;false
Nymeria Sand;Jessica Henwick;/name/nm3725055/;https://images-na.ssl-images-amazon.com/images/M/MV5BNDZmN2FkMTEtMmMyYy00ZTcwLWE3MGQtNGU1NzY4MjAxNjQ0XkEyXkFqcGdeQXVyMjk3NTUyOTc@._V1_.jpg;https://images-na.ssl-images-amazon.com/images/M/MV5BNDZmN2FkMTEtMmMyYy00ZTcwLWE3MGQtNGU1NzY4MjAxNjQ0XkEyXkFqcGdeQXVyMjk3NTUyOTc@._V1._SX100_SY140_.jpg;null;false;false
Obara Sand;Keisha Castle-Hughes;/name/nm1095720/;https://images-na.ssl-images-amazon.com/images/M/MV5BOWU3OTRmYmItZTZiYi00Mjk1LTk2NTItMzBjZmQ3NDZhMDMyXkEyXkFqcGdeQXVyMjk3NTUyOTc@._V1_.jpg;https://images-na.ssl-images-amazon.com/images/M/MV5BOWU3OTRmYmItZTZiYi00Mjk1LTk2NTItMzBjZmQ3NDZhMDMyXkEyXkFqcGdeQXVyMjk3NTUyOTc@._V1._SX100_SY140_.jpg;null;false;false
Oberyn Martell;Pedro Pascal;/name/nm0050959/;https://images-na.ssl-images-amazon.com/images/M/MV5BZTJmYjViYjctYTU0My00NTJiLWE2YzUtOWZkNTg4MTZkZmEyXkEyXkFqcGdeQXVyMjk3NTUyOTc@._V1_.jpg;https://images-na.ssl-images-amazon.com/images/M/MV5BZTJmYjViYjctYTU0My00NTJiLWE2YzUtOWZkNTg4MTZkZmEyXkEyXkFqcGdeQXVyMjk3NTUyOTc@._V1._SX100_SY140_.jpg;null;false;false
Old Nan;Margaret John;/name/nm0424191/;https://images-na.ssl-images-amazon.com/images/M/MV5BZTEzZmMxMzQtYzA4OC00YjI3LTg3Y2QtNjNhMjE2MDMxZDZlXkEyXkFqcGdeQXVyMjk3NTUyOTc@._V1_.jpg;https://images-na.ssl-images-amazon.com/images/M/MV5BZTEzZmMxMzQtYzA4OC00YjI3LTg3Y2QtNjNhMjE2MDMxZDZlXkEyXkFqcGdeQXVyMjk3NTUyOTc@._V1._SX100_SY140_.jpg;null;false;false
Old Woman Prisoner;Gina Moxley;/name/nm0610312/;null;null;null;false;false
Olenna Tyrell;Diana Rigg;/name/nm0001671/;https://images-na.ssl-images-amazon.com/images/M/MV5BMTkxMjgwOTQ3Nl5BMl5BanBnXkFtZTcwMjE2NzE5OQ@@._V1_SY1000_CR0,0,662,1000_AL_.jpg;https://images-na.ssl-images-amazon.com/images/M/MV5BMTkxMjgwOTQ3Nl5BMl5BanBnXkFtZTcwMjE2NzE5OQ@@._V1._SX100_SY140_.jpg;null;false;false
Olly;Brenock O'Connor;/name/nm5282143/;https://images-na.ssl-images-amazon.com/images/M/MV5BOWFiYTRlMzMtMmQzZC00Y2UxLTgzMzAtZGEzOTlkMGRiODBkXkEyXkFqcGdeQXVyMjk3NTUyOTc@._V1_.jpg;https://images-na.ssl-images-amazon.com/images/M/MV5BOWFiYTRlMzMtMmQzZC00Y2UxLTgzMzAtZGEzOTlkMGRiODBkXkEyXkFqcGdeQXVyMjk3NTUyOTc@._V1._SX100_SY140_.jpg;null;false;false
Olyvar;Will Tudor;/name/nm4831584/;https://images-na.ssl-images-amazon.com/images/M/MV5BOTZiNDAwYzQtMGJkZi00OGM4LTg2OTgtNzFjZTM1ZGExMzNiXkEyXkFqcGdeQXVyMjk3NTUyOTc@._V1_.jpg;https://images-na.ssl-images-amazon.com/images/M/MV5BOTZiNDAwYzQtMGJkZi00OGM4LTg2OTgtNzFjZTM1ZGExMzNiXkEyXkFqcGdeQXVyMjk3NTUyOTc@._V1._SX100_SY140_.jpg;null;false;false
Orell;Mackenzie Crook;/name/nm0188871/;https://images-na.ssl-images-amazon.com/images/M/MV5BOTQ1NDAzODQtNzAzMy00MDRhLTkwMWItZTNmMWJmN2I5MTlmXkEyXkFqcGdeQXVyMjk3NTUyOTc@._V1_.jpg;https://images-na.ssl-images-amazon.com/images/M/MV5BOTQ1NDAzODQtNzAzMy00MDRhLTkwMWItZTNmMWJmN2I5MTlmXkEyXkFqcGdeQXVyMjk3NTUyOTc@._V1._SX100_SY140_.jpg;null;false;false
Ornela;Hannah John-Kamen;/name/nm4789912/;https://images-na.ssl-images-amazon.com/images/M/MV5BODdmZDIwMTEtYWI1OS00YTVmLWIzZGUtOWI4YTk3MWU3NTNhXkEyXkFqcGdeQXVyMjg2MTMyNTM@._V1_.jpg;https://images-na.ssl-images-amazon.com/images/M/MV5BODdmZDIwMTEtYWI1OS00YTVmLWIzZGUtOWI4YTk3MWU3NTNhXkEyXkFqcGdeQXVyMjg2MTMyNTM@._V1._SX100_SY140_.jpg;null;false;false
Osha;Natalia Tena;/name/nm1164730/;https://images-na.ssl-images-amazon.com/images/M/MV5BMjI4NjY0ODY2OV5BMl5BanBnXkFtZTcwMzU5ODg4OQ@@._V1_.jpg;https://images-na.ssl-images-amazon.com/images/M/MV5BMjI4NjY0ODY2OV5BMl5BanBnXkFtZTcwMzU5ODg4OQ@@._V1._SX100_SY140_.jpg;null;false;false
Othell Yarwyck;Brian Fortune;/name/nm1987270/;https://images-na.ssl-images-amazon.com/images/M/MV5BNDgzYzhkZWYtYTA3OS00ZTk5LTgwYTUtNThiMDFmNjBmZmIxXkEyXkFqcGdeQXVyMjk3NTUyOTc@._V1_.jpg;https://images-na.ssl-images-amazon.com/images/M/MV5BNDgzYzhkZWYtYTA3OS00ZTk5LTgwYTUtNThiMDFmNjBmZmIxXkEyXkFqcGdeQXVyMjk3NTUyOTc@._V1._SX100_SY140_.jpg;null;false;false
Othor;null;null;null;null;null;false;false
Pentoshi Servant;Rania Zouari;/name/nm4422639/;null;null;null;false;false
Petyr Baelish;Aidan Gillen;/name/nm0318821/;https://images-na.ssl-images-amazon.com/images/M/MV5BMTQ1MjE3OTc3M15BMl5BanBnXkFtZTcwODgzODg4OQ@@._V1_.jpg;https://images-na.ssl-images-amazon.com/images/M/MV5BMTQ1MjE3OTc3M15BMl5BanBnXkFtZTcwODgzODg4OQ@@._V1._SX100_SY140_.jpg;Littlefinger;false;false
Podrick Payne;Daniel Portman;/name/nm4535552/;https://images-na.ssl-images-amazon.com/images/M/MV5BNTU5NjczOTQyNl5BMl5BanBnXkFtZTcwMzMwNTk4OQ@@._V1_.jpg;https://images-na.ssl-images-amazon.com/images/M/MV5BNTU5NjczOTQyNl5BMl5BanBnXkFtZTcwMzMwNTk4OQ@@._V1._SX100_SY140_.jpg;null;false;true
Polliver;Andy Kellegher;/name/nm3464945/;https://images-na.ssl-images-amazon.com/images/M/MV5BY2EwODU4ZGMtZGVkZi00ZjE4LTlhZTItNzNjNGZiM2UxZTc1XkEyXkFqcGdeQXVyMjk3NTUyOTc@._V1_.jpg;https://images-na.ssl-images-amazon.com/images/M/MV5BY2EwODU4ZGMtZGVkZi00ZjE4LTlhZTItNzNjNGZiM2UxZTc1XkEyXkFqcGdeQXVyMjk3NTUyOTc@._V1._SX100_SY140_.jpg;null;false;false
Prendahl na Ghezn;Ramon Tikaram;/name/nm0863130/;https://images-na.ssl-images-amazon.com/images/M/MV5BYzkyZDYyNGYtNDEyNC00NTQ2LWI4N2MtNmM0YzcwOTc1ODRlXkEyXkFqcGdeQXVyMjg2MTMyNTM@._V1_SX1777_CR0,0,1777,999_AL_.jpg;https://images-na.ssl-images-amazon.com/images/M/MV5BYzkyZDYyNGYtNDEyNC00NTQ2LWI4N2MtNmM0YzcwOTc1ODRlXkEyXkFqcGdeQXVyMjg2MTMyNTM@._V1._SX100_SY140_.jpg;null;false;false
Pyat Pree;Ian Hanmore;/name/nm0360171/;https://images-na.ssl-images-amazon.com/images/M/MV5BYmMzZmVkMTItNmY3Yy00MDU2LThmNTctOWJmYTNhMThhNTRlXkEyXkFqcGdeQXVyMjk3NTUyOTc@._V1_.jpg;https://images-na.ssl-images-amazon.com/images/M/MV5BYmMzZmVkMTItNmY3Yy00MDU2LThmNTctOWJmYTNhMThhNTRlXkEyXkFqcGdeQXVyMjk3NTUyOTc@._V1._SX100_SY140_.jpg;null;false;false
Pypar;Josef Altin;/name/nm1086981/;https://images-na.ssl-images-amazon.com/images/M/MV5BNTFiNTIxY2MtY2ExOC00NjM1LTg0MGEtYzUzYzA0YzIyY2VjXkEyXkFqcGdeQXVyMjk3NTUyOTc@._V1_.jpg;https://images-na.ssl-images-amazon.com/images/M/MV5BNTFiNTIxY2MtY2ExOC00NjM1LTg0MGEtYzUzYzA0YzIyY2VjXkEyXkFqcGdeQXVyMjk3NTUyOTc@._V1._SX100_SY140_.jpg;null;false;false
Qhono;Staz Nair;/name/nm7047874/;https://images-na.ssl-images-amazon.com/images/M/MV5BMGMwYjgwMGQtOGRlNC00NDg0LTliM2ItN2I1NzIxZmQ5YTU1XkEyXkFqcGdeQXVyMjk3NTUyOTc@._V1_.jpg;https://images-na.ssl-images-amazon.com/images/M/MV5BMGMwYjgwMGQtOGRlNC00NDg0LTliM2ItN2I1NzIxZmQ5YTU1XkEyXkFqcGdeQXVyMjk3NTUyOTc@._V1._SX100_SY140_.jpg;null;false;false
Qhorin Halfhand;Simon Armstrong;/name/nm1409802/;https://images-na.ssl-images-amazon.com/images/M/MV5BODM1MzJmZmUtZWI2MS00YjliLWJhNTItZmMzNmQ1YzA0ZjlmXkEyXkFqcGdeQXVyMjk3NTUyOTc@._V1_.jpg;https://images-na.ssl-images-amazon.com/images/M/MV5BODM1MzJmZmUtZWI2MS00YjliLWJhNTItZmMzNmQ1YzA0ZjlmXkEyXkFqcGdeQXVyMjk3NTUyOTc@._V1._SX100_SY140_.jpg;null;false;false
Qotho;Dar Salim;/name/nm1502469/;https://images-na.ssl-images-amazon.com/images/M/MV5BOWFjY2Y4NTgtZjQ5OS00YjM0LWI3OTItMWYyM2QzYjQyODk1XkEyXkFqcGdeQXVyMjk3NTUyOTc@._V1_.jpg;https://images-na.ssl-images-amazon.com/images/M/MV5BOWFjY2Y4NTgtZjQ5OS00YjM0LWI3OTItMWYyM2QzYjQyODk1XkEyXkFqcGdeQXVyMjk3NTUyOTc@._V1._SX100_SY140_.jpg;null;false;false
Quaithe;Laura Pradelska;/name/nm3671418/;https://images-na.ssl-images-amazon.com/images/M/MV5BMWU1YzE1MmUtMDk3ZS00ZTQxLTg5ZjEtYzgxZDk5MzFkOWUyXkEyXkFqcGdeQXVyMjk3NTUyOTc@._V1_.jpg;https://images-na.ssl-images-amazon.com/images/M/MV5BMWU1YzE1MmUtMDk3ZS00ZTQxLTg5ZjEtYzgxZDk5MzFkOWUyXkEyXkFqcGdeQXVyMjk3NTUyOTc@._V1._SX100_SY140_.jpg;null;false;false
Qyburn;Anton Lesser;/name/nm0504320/;https://images-na.ssl-images-amazon.com/images/M/MV5BZGEzNDY2YjktMDM1ZS00MTI1LWEyYmMtNTdiMzczNmY4ZWEzXkEyXkFqcGdeQXVyMjk3NTUyOTc@._V1_.jpg;https://images-na.ssl-images-amazon.com/images/M/MV5BZGEzNDY2YjktMDM1ZS00MTI1LWEyYmMtNTdiMzczNmY4ZWEzXkEyXkFqcGdeQXVyMjk3NTUyOTc@._V1._SX100_SY140_.jpg;null;false;false
Rakharo;Elyes Gabel;/name/nm1175468/;https://images-na.ssl-images-amazon.com/images/M/MV5BNzU2OWU5YzQtMTM1YS00ZDBjLWJlOTUtODg5ZTJlNjU5MTIyXkEyXkFqcGdeQXVyMjk3NTUyOTc@._V1_.jpg;https://images-na.ssl-images-amazon.com/images/M/MV5BNzU2OWU5YzQtMTM1YS00ZDBjLWJlOTUtODg5ZTJlNjU5MTIyXkEyXkFqcGdeQXVyMjk3NTUyOTc@._V1._SX100_SY140_.jpg;null;false;false
Ramsay Snow;Iwan Rheon;/name/nm3701064/;https://images-na.ssl-images-amazon.com/images/M/MV5BMzM5Nzk3NTU5N15BMl5BanBnXkFtZTgwNzczMjk5NTE@._V1_SY1000_CR0,0,665,1000_AL_.jpg;https://images-na.ssl-images-amazon.com/images/M/MV5BMzM5Nzk3NTU5N15BMl5BanBnXkFtZTgwNzczMjk5NTE@._V1._SX100_SY140_.jpg;null;false;false
Randyll Tarly;James Faulkner;/name/nm0269077/;https://images-na.ssl-images-amazon.com/images/M/MV5BMjIwMTY0NTc4N15BMl5BanBnXkFtZTgwNTMyNzYwOTE@._V1_SY1000_CR0,0,1502,1000_AL_.jpg;https://images-na.ssl-images-amazon.com/images/M/MV5BMjIwMTY0NTc4N15BMl5BanBnXkFtZTgwNTMyNzYwOTE@._V1._SX100_SY140_.jpg;null;false;false
Rast;Luke Barnes;/name/nm4430828/;https://images-na.ssl-images-amazon.com/images/M/MV5BYzI5NjQ3ZTctODgyYi00ZTZhLTk2M2EtM2E3MzYxNDBkMWU5XkEyXkFqcGdeQXVyMjk3NTUyOTc@._V1_.jpg;https://images-na.ssl-images-amazon.com/images/M/MV5BYzI5NjQ3ZTctODgyYi00ZTZhLTk2M2EtM2E3MzYxNDBkMWU5XkEyXkFqcGdeQXVyMjk3NTUyOTc@._V1._SX100_SY140_.jpg;null;false;false
Rattleshirt;null;null;https://images-na.ssl-images-amazon.com/images/M/MV5BYzk1ZDA3YjktMWZhMi00MTA4LTk0YjItY2ZmMDRlZDY3MmM2XkEyXkFqcGdeQXVyMjk3NTUyOTc@._V1_.jpg;https://images-na.ssl-images-amazon.com/images/M/MV5BYzk1ZDA3YjktMWZhMi00MTA4LTk0YjItY2ZmMDRlZDY3MmM2XkEyXkFqcGdeQXVyMjk3NTUyOTc@._V1._SX100_SY140_.jpg;Lord of Bones;false;false
Razdal mo Eraz;George Georgiou;/name/nm1745190/;https://images-na.ssl-images-amazon.com/images/M/MV5BODdjNzdkYWQtZmE1OS00YzcxLTljMTctNWZmMDI3OTAzZmZiXkEyXkFqcGdeQXVyMjk3NTUyOTc@._V1_.jpg;https://images-na.ssl-images-amazon.com/images/M/MV5BODdjNzdkYWQtZmE1OS00YzcxLTljMTctNWZmMDI3OTAzZmZiXkEyXkFqcGdeQXVyMjk3NTUyOTc@._V1._SX100_SY140_.jpg;null;false;false
Red Keep Stableboy;Hugo Culverhouse;/name/nm4164318/;https://images-na.ssl-images-amazon.com/images/M/MV5BZjA0NGQzMmQtZTdlMi00Y2Q5LWE1N2ItNGNhODdmZDAxZTg3XkEyXkFqcGdeQXVyMjg2MTMyNTM@._V1_.jpg;https://images-na.ssl-images-amazon.com/images/M/MV5BZjA0NGQzMmQtZTdlMi00Y2Q5LWE1N2ItNGNhODdmZDAxZTg3XkEyXkFqcGdeQXVyMjg2MTMyNTM@._V1._SX100_SY140_.jpg;null;false;false
Red Priestess;Melanie Liburd;/name/nm4927489/;null;null;null;false;false
Red Priestess;Rila Fukushima;/name/nm3822462/;https://images-na.ssl-images-amazon.com/images/M/MV5BNTM5MjlkYjItM2YzOC00NGQwLTllZDktYmY3YmMxYjNjMzVjXkEyXkFqcGdeQXVyMjk3NTUyOTc@._V1_SY1000_CR0,0,1502,1000_AL_.jpg;https://images-na.ssl-images-amazon.com/images/M/MV5BNTM5MjlkYjItM2YzOC00NGQwLTllZDktYmY3YmMxYjNjMzVjXkEyXkFqcGdeQXVyMjk3NTUyOTc@._V1._SX100_SY140_.jpg;null;false;false
Renly Baratheon;Gethin Anthony;/name/nm2167445/;https://images-na.ssl-images-amazon.com/images/M/MV5BNjA4OTE5MzcyOF5BMl5BanBnXkFtZTcwNDA1ODg5NA@@._V1_SX1500_CR0,0,1500,999_AL_.jpg;https://images-na.ssl-images-amazon.com/images/M/MV5BNjA4OTE5MzcyOF5BMl5BanBnXkFtZTcwNDA1ODg5NA@@._V1._SX100_SY140_.jpg;null;false;false
Rhaegal;null;null;null;null;null;false;false
Rhaegar Targaryen;null;null;null;null;null;true;false
Rhaego;null;null;null;null;null;false;false
Rhaella Targaryen;null;null;null;null;null;true;false
Rhaenys Targaryen;null;null;null;null;null;true;false
Rickard Karstark;null;null;https://images-na.ssl-images-amazon.com/images/M/MV5BM2IwZThkNjQtYzU2NS00ZTRiLWFjNDUtNTdmMGQ2ZmE5M2NmXkEyXkFqcGdeQXVyMjk3NTUyOTc@._V1_.jpg;https://images-na.ssl-images-amazon.com/images/M/MV5BM2IwZThkNjQtYzU2NS00ZTRiLWFjNDUtNTdmMGQ2ZmE5M2NmXkEyXkFqcGdeQXVyMjk3NTUyOTc@._V1._SX100_SY140_.jpg;null;false;false
Rickard Stark;null;null;null;null;null;false;false
Rickon Stark;Art Parkinson;/name/nm3280686/;https://images-na.ssl-images-amazon.com/images/M/MV5BMWZiOGNjMDAtOTRlNi00MDJmLWEyMTMtOGEwZTM5ODJlNDAyXkEyXkFqcGdeQXVyMjk3NTUyOTc@._V1_.jpg;https://images-na.ssl-images-amazon.com/images/M/MV5BMWZiOGNjMDAtOTRlNi00MDJmLWEyMTMtOGEwZTM5ODJlNDAyXkEyXkFqcGdeQXVyMjk3NTUyOTc@._V1._SX100_SY140_.jpg;null;false;false
Robb Stark;Richard Madden;/name/nm0534635/;https://images-na.ssl-images-amazon.com/images/M/MV5BMjI2NDE1NzczNF5BMl5BanBnXkFtZTcwNjcwODg4OQ@@._V1_SY1000_CR0,0,845,1000_AL_.jpg;https://images-na.ssl-images-amazon.com/images/M/MV5BMjI2NDE1NzczNF5BMl5BanBnXkFtZTcwNjcwODg4OQ@@._V1._SX100_SY140_.jpg;null;true;false
Robert Baratheon;Mark Addy;/name/nm0004692/;https://images-na.ssl-images-amazon.com/images/M/MV5BMzQwMDcwNzY5MF5BMl5BanBnXkFtZTcwMzIyMTE5OQ@@._V1_.jpg;https://images-na.ssl-images-amazon.com/images/M/MV5BMzQwMDcwNzY5MF5BMl5BanBnXkFtZTcwMzIyMTE5OQ@@._V1._SX100_SY140_.jpg;null;true;false
Robett Glover;Tim McInnerny;/name/nm0570570/;https://images-na.ssl-images-amazon.com/images/M/MV5BMDYwNzhkZjctMzdlOS00MTAxLWE3ODktOTc2ODczMmJmNjkwXkEyXkFqcGdeQXVyMjk3NTUyOTc@._V1_.jpg;https://images-na.ssl-images-amazon.com/images/M/MV5BMDYwNzhkZjctMzdlOS00MTAxLWE3ODktOTc2ODczMmJmNjkwXkEyXkFqcGdeQXVyMjk3NTUyOTc@._V1._SX100_SY140_.jpg;null;false;false
Robin Arryn;Lino Facioli;/name/nm2996220/;https://images-na.ssl-images-amazon.com/images/M/MV5BNjBlNzE3YjEtMTcwYS00OTQxLTk1NjEtNGMwNzJhNWI2OGJjXkEyXkFqcGdeQXVyMjk3NTUyOTc@._V1_.jpg;https://images-na.ssl-images-amazon.com/images/M/MV5BNjBlNzE3YjEtMTcwYS00OTQxLTk1NjEtNGMwNzJhNWI2OGJjXkEyXkFqcGdeQXVyMjk3NTUyOTc@._V1._SX100_SY140_.jpg;null;false;false
Rodrik Cassel;Ron Donachie;/name/nm0231871/;https://images-na.ssl-images-amazon.com/images/M/MV5BMTc4NDk5MjAwMF5BMl5BanBnXkFtZTcwNTk1NDk4OQ@@._V1_.jpg;https://images-na.ssl-images-amazon.com/images/M/MV5BMTc4NDk5MjAwMF5BMl5BanBnXkFtZTcwNTk1NDk4OQ@@._V1._SX100_SY140_.jpg;null;false;false
Roose Bolton;Michael McElhatton;/name/nm0568385/;https://images-na.ssl-images-amazon.com/images/M/MV5BMTQyMjE3MTExN15BMl5BanBnXkFtZTcwMTI3NDk4OQ@@._V1_.jpg;https://images-na.ssl-images-amazon.com/images/M/MV5BMTQyMjE3MTExN15BMl5BanBnXkFtZTcwMTI3NDk4OQ@@._V1._SX100_SY140_.jpg;null;false;false
Rorge;Andy Beckwith;/name/nm0065874/;https://images-na.ssl-images-amazon.com/images/M/MV5BZjE4Mjc3MTktMDYyOC00ZDVlLWJlNjMtYzFiMDFlYzg3MjJjXkEyXkFqcGdeQXVyMjk3NTUyOTc@._V1_.jpg;https://images-na.ssl-images-amazon.com/images/M/MV5BZjE4Mjc3MTktMDYyOC00ZDVlLWJlNjMtYzFiMDFlYzg3MjJjXkEyXkFqcGdeQXVyMjk3NTUyOTc@._V1._SX100_SY140_.jpg;null;false;false
Ros;Esmé Bianco;/name/nm2657974/;https://images-na.ssl-images-amazon.com/images/M/MV5BMTg0NzA4OTQ5Ml5BMl5BanBnXkFtZTcwMDY5ODg4OQ@@._V1_SY1000_CR0,0,811,1000_AL_.jpg;https://images-na.ssl-images-amazon.com/images/M/MV5BMTg0NzA4OTQ5Ml5BMl5BanBnXkFtZTcwMDY5ODg4OQ@@._V1._SX100_SY140_.jpg;null;false;false
Roslin Frey;Alexandra Dowling;/name/nm5093301/;https://images-na.ssl-images-amazon.com/images/M/MV5BNzhhZGIxYjctMjBkNC00YTJhLTlmMDAtOWUyYjlhNWE3Yzg3XkEyXkFqcGdeQXVyMjk3NTUyOTc@._V1_.jpg;https://images-na.ssl-images-amazon.com/images/M/MV5BNzhhZGIxYjctMjBkNC00YTJhLTlmMDAtOWUyYjlhNWE3Yzg3XkEyXkFqcGdeQXVyMjk3NTUyOTc@._V1._SX100_SY140_.jpg;null;false;false
Royal Steward;Robert Sterne;/name/nm1414435/;null;null;null;false;false
Ryger Rivers;Bryan McCaugherty;/name/nm0565472/;null;null;null;false;false
Salladhor Saan;Lucian Msamati;/name/nm1748634/;https://images-na.ssl-images-amazon.com/images/M/MV5BMzIyNzg3MDktM2M3OS00YzUzLTk2ZjktMGMxY2Y5Y2IyMGVhXkEyXkFqcGdeQXVyMjk3NTUyOTc@._V1_.jpg;https://images-na.ssl-images-amazon.com/images/M/MV5BMzIyNzg3MDktM2M3OS00YzUzLTk2ZjktMGMxY2Y5Y2IyMGVhXkEyXkFqcGdeQXVyMjk3NTUyOTc@._V1._SX100_SY140_.jpg;null;false;false
Samwell Tarly;John Bradley;/name/nm4263213/;https://images-na.ssl-images-amazon.com/images/M/MV5BMTQyODYyOTczMF5BMl5BanBnXkFtZTcwNjY0ODg4OQ@@._V1_.jpg;https://images-na.ssl-images-amazon.com/images/M/MV5BMTQyODYyOTczMF5BMl5BanBnXkFtZTcwNjY0ODg4OQ@@._V1._SX100_SY140_.jpg;null;false;false
Sandor Clegane;Rory McCann;/name/nm0564920/;https://images-na.ssl-images-amazon.com/images/M/MV5BMTQwMjEwNDQ1MF5BMl5BanBnXkFtZTcwMzAxODg4OQ@@._V1_.jpg;https://images-na.ssl-images-amazon.com/images/M/MV5BMTQwMjEwNDQ1MF5BMl5BanBnXkFtZTcwMzAxODg4OQ@@._V1._SX100_SY140_.jpg;The Hound;false;false
Sansa Stark;Sophie Turner;/name/nm3849842/;https://images-na.ssl-images-amazon.com/images/M/MV5BNjAwMjE2NDExNF5BMl5BanBnXkFtZTcwODAwODg4OQ@@._V1_SY1000_CR0,0,806,1000_AL_.jpg;https://images-na.ssl-images-amazon.com/images/M/MV5BNjAwMjE2NDExNF5BMl5BanBnXkFtZTcwODAwODg4OQ@@._V1._SX100_SY140_.jpg;null;true;false
Selyse Baratheon;null;null;https://images-na.ssl-images-amazon.com/images/M/MV5BZGZjNDA5YWUtZjE5OC00NGE2LWI3Y2UtOTQ1Yjg1MDc3MTk4L2ltYWdlXkEyXkFqcGdeQXVyMjk3NTUyOTc@._V1_.jpg;https://images-na.ssl-images-amazon.com/images/M/MV5BZGZjNDA5YWUtZjE5OC00NGE2LWI3Y2UtOTQ1Yjg1MDc3MTk4L2ltYWdlXkEyXkFqcGdeQXVyMjk3NTUyOTc@._V1._SX100_SY140_.jpg;null;false;false
Septa Moelle;Maggie Hayes;/name/nm1378629/;https://images-na.ssl-images-amazon.com/images/M/MV5BMTQ3ODQ3NzIzMV5BMl5BanBnXkFtZTgwODczMjk5NTE@._V1_SY1000_CR0,0,1502,1000_AL_.jpg;https://images-na.ssl-images-amazon.com/images/M/MV5BMTQ3ODQ3NzIzMV5BMl5BanBnXkFtZTgwODczMjk5NTE@._V1._SX100_SY140_.jpg;null;false;false
Septa Mordane;Susan Brown;/name/nm0114742/;https://images-na.ssl-images-amazon.com/images/M/MV5BMzc5ZTY2MTEtYzZiNy00MGExLWI0MjctOTcxMjdlZmU3OWM5XkEyXkFqcGdeQXVyMjk3NTUyOTc@._V1_.jpg;https://images-na.ssl-images-amazon.com/images/M/MV5BMzc5ZTY2MTEtYzZiNy00MGExLWI0MjctOTcxMjdlZmU3OWM5XkEyXkFqcGdeQXVyMjk3NTUyOTc@._V1._SX100_SY140_.jpg;null;false;false
Septa Scolera;Mary Jordan;/name/nm1103771/;https://images-na.ssl-images-amazon.com/images/M/MV5BMTQ3ODQ3NzIzMV5BMl5BanBnXkFtZTgwODczMjk5NTE@._V1_SY1000_CR0,0,1502,1000_AL_.jpg;https://images-na.ssl-images-amazon.com/images/M/MV5BMTQ3ODQ3NzIzMV5BMl5BanBnXkFtZTgwODczMjk5NTE@._V1._SX100_SY140_.jpg;null;false;false
Septa Unella;Hannah Waddingham;/name/nm1821446/;https://images-na.ssl-images-amazon.com/images/M/MV5BYzUwNTlhNTktNDViMS00ZmJiLWJlMDMtNTUzZWU1ZTVjZTY4XkEyXkFqcGdeQXVyMjk3NTUyOTc@._V1_.jpg;https://images-na.ssl-images-amazon.com/images/M/MV5BYzUwNTlhNTktNDViMS00ZmJiLWJlMDMtNTUzZWU1ZTVjZTY4XkEyXkFqcGdeQXVyMjk3NTUyOTc@._V1._SX100_SY140_.jpg;null;false;false
Septon;Kenneth Hadley;/name/nm0352901/;null;null;null;false;false
Septon;Terry Byrne;/name/nm0126298/;null;null;null;false;false
Ser Endrew Tarth;Dez McMahon;/name/nm4757478/;https://images-na.ssl-images-amazon.com/images/M/MV5BMjJmYzRlZTUtODkwNS00OTE4LTllYWUtOTdiMGQ1MTE2MTU4XkEyXkFqcGdeQXVyMjk3NTUyOTc@._V1_.jpg;https://images-na.ssl-images-amazon.com/images/M/MV5BMjJmYzRlZTUtODkwNS00OTE4LTllYWUtOTdiMGQ1MTE2MTU4XkEyXkFqcGdeQXVyMjk3NTUyOTc@._V1._SX100_SY140_.jpg;null;false;false
Shae;Sibel Kekilli;/name/nm1402546/;https://images-na.ssl-images-amazon.com/images/M/MV5BMTkwMTA0NTY5NF5BMl5BanBnXkFtZTcwNjk2ODg4OQ@@._V1_.jpg;https://images-na.ssl-images-amazon.com/images/M/MV5BMTkwMTA0NTY5NF5BMl5BanBnXkFtZTcwNjk2ODg4OQ@@._V1._SX100_SY140_.jpg;null;false;false
Shagga;Mark Lewis Jones;/name/nm0428765/;https://images-na.ssl-images-amazon.com/images/M/MV5BY2Y1YTI2YTMtY2E3Ny00OTliLTg2MWYtMTFlYWU3ZjAyYzFiXkEyXkFqcGdeQXVyMjk3NTUyOTc@._V1_.jpg;https://images-na.ssl-images-amazon.com/images/M/MV5BY2Y1YTI2YTMtY2E3Ny00OTliLTg2MWYtMTFlYWU3ZjAyYzFiXkEyXkFqcGdeQXVyMjk3NTUyOTc@._V1._SX100_SY140_.jpg;null;false;false
Shaggydog;null;null;null;null;null;false;false
Shireen Baratheon;Kerry Ingram;/name/nm5081192/;https://images-na.ssl-images-amazon.com/images/M/MV5BZjUzNmYzZDktZGY4ZS00ZDA1LWE1MGItMDAwM2E1ZGVlODg1XkEyXkFqcGdeQXVyMjk3NTUyOTc@._V1_.jpg;https://images-na.ssl-images-amazon.com/images/M/MV5BZjUzNmYzZDktZGY4ZS00ZDA1LWE1MGItMDAwM2E1ZGVlODg1XkEyXkFqcGdeQXVyMjk3NTUyOTc@._V1._SX100_SY140_.jpg;null;false;false
Silk King;Slavko Juraga;/name/nm0432838/;https://images-na.ssl-images-amazon.com/images/M/MV5BYTA3YTFlMDAtNzIxNy00NGQzLWJlMjYtZGY3MjdmNThjMGIwXkEyXkFqcGdeQXVyMjk3NTUyOTc@._V1_.jpg;https://images-na.ssl-images-amazon.com/images/M/MV5BYTA3YTFlMDAtNzIxNy00NGQzLWJlMjYtZGY3MjdmNThjMGIwXkEyXkFqcGdeQXVyMjk3NTUyOTc@._V1._SX100_SY140_.jpg;null;false;false
Smalljon Umber;Dean S. Jagger;/name/nm2746504/;https://images-na.ssl-images-amazon.com/images/M/MV5BNzViODI3ZTctMjZmNC00MzBhLWIxNTgtMDAzMTQ5OWM3YjE2XkEyXkFqcGdeQXVyMjk3NTUyOTc@._V1_.jpg;https://images-na.ssl-images-amazon.com/images/M/MV5BNzViODI3ZTctMjZmNC00MzBhLWIxNTgtMDAzMTQ5OWM3YjE2XkEyXkFqcGdeQXVyMjk3NTUyOTc@._V1._SX100_SY140_.jpg;null;false;false
Spice King;Nicholas Blane;/name/nm0087432/;https://images-na.ssl-images-amazon.com/images/M/MV5BYTA4NWE5ZDgtNjQ0Ni00YmUxLWJhZTgtOTRmY2U0YzI3YmE2XkEyXkFqcGdeQXVyMjk3NTUyOTc@._V1_.jpg;https://images-na.ssl-images-amazon.com/images/M/MV5BYTA4NWE5ZDgtNjQ0Ni00YmUxLWJhZTgtOTRmY2U0YzI3YmE2XkEyXkFqcGdeQXVyMjk3NTUyOTc@._V1._SX100_SY140_.jpg;null;false;false
Stannis Baratheon;Stephen Dillane;/name/nm0226820/;https://images-na.ssl-images-amazon.com/images/M/MV5BMjExNzY0NzI0NF5BMl5BanBnXkFtZTcwNjA2NDk4OQ@@._V1_.jpg;https://images-na.ssl-images-amazon.com/images/M/MV5BMjExNzY0NzI0NF5BMl5BanBnXkFtZTcwNjA2NDk4OQ@@._V1._SX100_SY140_.jpg;null;false;false
Stark Bannerman;Michael Stuart;/name/nm5792452/;null;null;null;false;false
Stark Guard;Faolan Morgan;/name/nm4335246/;null;null;null;false;false
Stark Guard;Rick Burn;/name/nm4492916/;null;null;null;false;false
Stark Guard;David Sheehan;/name/nm1423916/;null;null;null;false;false
Stark Guard;Paul Monahan;/name/nm5981376/;null;null;null;false;false
Steelshanks Walton;Jamie Michie;/name/nm1652341/;https://images-na.ssl-images-amazon.com/images/M/MV5BMjIxOWYwYTctNjFlMy00MmUyLWI4MWYtZjhkMzNhYjI5YzQ1XkEyXkFqcGdeQXVyMjk3NTUyOTc@._V1_.jpg;https://images-na.ssl-images-amazon.com/images/M/MV5BMjIxOWYwYTctNjFlMy00MmUyLWI4MWYtZjhkMzNhYjI5YzQ1XkEyXkFqcGdeQXVyMjk3NTUyOTc@._V1._SX100_SY140_.jpg;null;false;false
Stevron Frey;Colin Carnegie;/name/nm1794801/;null;null;null;false;false
Stiv;Stephen Don;/name/nm1651043/;https://images-na.ssl-images-amazon.com/images/M/MV5BYjFhYzE5NGYtMWM5Zi00YjAyLWI4YTktNDhhYTE1NGFhZjgwXkEyXkFqcGdeQXVyMjk3NTUyOTc@._V1_.jpg;https://images-na.ssl-images-amazon.com/images/M/MV5BYjFhYzE5NGYtMWM5Zi00YjAyLWI4YTktNDhhYTE1NGFhZjgwXkEyXkFqcGdeQXVyMjk3NTUyOTc@._V1._SX100_SY140_.jpg;null;false;false
Styr;Yuri Kolokolnikov;/name/nm0464305/;https://images-na.ssl-images-amazon.com/images/M/MV5BMjAyNDM4Mjc1M15BMl5BanBnXkFtZTgwODQyMTg1MTE@._V1_SX1777_CR0,0,1777,999_AL_.jpg;https://images-na.ssl-images-amazon.com/images/M/MV5BMjAyNDM4Mjc1M15BMl5BanBnXkFtZTgwODQyMTg1MTE@._V1._SX100_SY140_.jpg;null;false;false
Summer;null;null;null;null;null;false;false
Syrio Forel;Miltos Yerolemou;/name/nm1115654/;https://images-na.ssl-images-amazon.com/images/M/MV5BMjE2OTA3NDY5Nl5BMl5BanBnXkFtZTcwMDg0ODg5NA@@._V1_SY1000_CR0,0,665,1000_AL_.jpg;https://images-na.ssl-images-amazon.com/images/M/MV5BMjE2OTA3NDY5Nl5BMl5BanBnXkFtZTcwMDg0ODg5NA@@._V1._SX100_SY140_.jpg;null;false;false
Talisa Maegyr;Oona Chaplin;/name/nm2772105/;https://images-na.ssl-images-amazon.com/images/M/MV5BMjE1MjY3ODA5OF5BMl5BanBnXkFtZTcwMTA3NDk4OQ@@._V1_.jpg;https://images-na.ssl-images-amazon.com/images/M/MV5BMjE1MjY3ODA5OF5BMl5BanBnXkFtZTcwMTA3NDk4OQ@@._V1._SX100_SY140_.jpg;null;false;false
Talla Tarly;Rebecca Benson;/name/nm5039410/;https://images-na.ssl-images-amazon.com/images/M/MV5BZTYwYTA2MWEtM2FjNS00MDNhLWIyMzMtODI0Mjg2Y2ZlODBiXkEyXkFqcGdeQXVyMjk3NTUyOTc@._V1_.jpg;https://images-na.ssl-images-amazon.com/images/M/MV5BZTYwYTA2MWEtM2FjNS00MDNhLWIyMzMtODI0Mjg2Y2ZlODBiXkEyXkFqcGdeQXVyMjk3NTUyOTc@._V1._SX100_SY140_.jpg;null;false;false
Ternesio Terys;Gary Oliver;/name/nm1146807/;null;null;null;false;false
The Bear;Bart the Bear;/name/nm1212069/;https://images-na.ssl-images-amazon.com/images/M/MV5BMzE0ODQyNzYtZjc4NC00ZmM5LWI5NTgtOTk2OWQ5NjY3ZmVkXkEyXkFqcGdeQXVyNDUzOTQ5MjY@._V1_.jpg;https://images-na.ssl-images-amazon.com/images/M/MV5BMzE0ODQyNzYtZjc4NC00ZmM5LWI5NTgtOTk2OWQ5NjY3ZmVkXkEyXkFqcGdeQXVyNDUzOTQ5MjY@._V1._SX100_SY140_.jpg;null;false;false
The Night King;null;null;https://images-na.ssl-images-amazon.com/images/M/MV5BY2ZjNmYyMjAtNGUwYi00N2JmLWEyMTYtMDM5YmM2MWFhMWFiXkEyXkFqcGdeQXVyNDUzOTQ5MjY@._V1_.jpg;https://images-na.ssl-images-amazon.com/images/M/MV5BY2ZjNmYyMjAtNGUwYi00N2JmLWEyMTYtMDM5YmM2MWFhMWFiXkEyXkFqcGdeQXVyNDUzOTQ5MjY@._V1._SX100_SY140_.jpg;null;false;false
The Tickler;Anthony Morris;/name/nm1677757/;https://images-na.ssl-images-amazon.com/images/M/MV5BNTRiZjdkNTctMzM3ZC00NDJjLWI1MjctNTdjZjFlYjNiOTMxXkEyXkFqcGdeQXVyMjg2MTMyNTM@._V1_.jpg;https://images-na.ssl-images-amazon.com/images/M/MV5BNTRiZjdkNTctMzM3ZC00NDJjLWI1MjctNTdjZjFlYjNiOTMxXkEyXkFqcGdeQXVyMjg2MTMyNTM@._V1._SX100_SY140_.jpg;null;false;false
The Waif;Faye Marsay;/name/nm3849670/;https://images-na.ssl-images-amazon.com/images/M/MV5BMzlkNTU5NTYtNmY5OS00NTY2LTk2YWItODU0OTc0MTA5NDQ1XkEyXkFqcGdeQXVyMjk3NTUyOTc@._V1_.jpg;https://images-na.ssl-images-amazon.com/images/M/MV5BMzlkNTU5NTYtNmY5OS00NTY2LTk2YWItODU0OTc0MTA5NDQ1XkEyXkFqcGdeQXVyMjk3NTUyOTc@._V1._SX100_SY140_.jpg;null;false;false
Thenn Warg;Joseph Gatt;/name/nm1395532/;null;null;null;false;false
Theon Greyjoy;Alfie Allen;/name/nm0654295/;https://images-na.ssl-images-amazon.com/images/M/MV5BMTM3ODUyOTY3N15BMl5BanBnXkFtZTcwNjI4MTg4OQ@@._V1_.jpg;https://images-na.ssl-images-amazon.com/images/M/MV5BMTM3ODUyOTY3N15BMl5BanBnXkFtZTcwNjI4MTg4OQ@@._V1._SX100_SY140_.jpg;null;false;false
Thin Man;Oengus MacNamara;/name/nm0534062/;null;null;null;false;false
Thoros of Myr;Paul Kaye;/name/nm0443373/;https://images-na.ssl-images-amazon.com/images/M/MV5BMTYwNzc0MDUzNF5BMl5BanBnXkFtZTcwMDc1NzE5OQ@@._V1_.jpg;https://images-na.ssl-images-amazon.com/images/M/MV5BMTYwNzc0MDUzNF5BMl5BanBnXkFtZTcwMDc1NzE5OQ@@._V1._SX100_SY140_.jpg;null;false;false
Three-Eyed Raven;null;null;https://images-na.ssl-images-amazon.com/images/M/MV5BOGI4NGRiNTUtM2ZlYy00ZjhlLWJlYWItMjgzNWIzYWQwZWY0XkEyXkFqcGdeQXVyMjk3NTUyOTc@._V1_.jpg;https://images-na.ssl-images-amazon.com/images/M/MV5BOGI4NGRiNTUtM2ZlYy00ZjhlLWJlYWItMjgzNWIzYWQwZWY0XkEyXkFqcGdeQXVyMjk3NTUyOTc@._V1._SX100_SY140_.jpg;null;false;false
Timett;Tobias Winter;/name/nm4385245/;https://images-na.ssl-images-amazon.com/images/M/MV5BMTM5MjU1NzA1NF5BMl5BanBnXkFtZTcwOTA2Nzk1NQ@@._V1_.jpg;https://images-na.ssl-images-amazon.com/images/M/MV5BMTM5MjU1NzA1NF5BMl5BanBnXkFtZTcwOTA2Nzk1NQ@@._V1._SX100_SY140_.jpg;null;false;false
Tobho Mott;Andrew Wilde;/name/nm0928408/;null;null;null;false;false
Todder;Will O'Connell;/name/nm3727276/;null;null;null;false;false
Tomard;Phil Dixon;/name/nm4475303/;null;null;null;false;false
Tommen Baratheon;null;null;https://images-na.ssl-images-amazon.com/images/M/MV5BOTY1YWUxM2QtZjhmZC00ZmQ2LThkM2YtNTk2MmQ5OTk3NGMyXkEyXkFqcGdeQXVyMjk3NTUyOTc@._V1_.jpg;https://images-na.ssl-images-amazon.com/images/M/MV5BOTY1YWUxM2QtZjhmZC00ZmQ2LThkM2YtNTk2MmQ5OTk3NGMyXkEyXkFqcGdeQXVyMjk3NTUyOTc@._V1._SX100_SY140_.jpg;null;true;false
Tormund Giantsbane;Kristofer Hivju;/name/nm1970465/;https://images-na.ssl-images-amazon.com/images/M/MV5BMTc1OTU3NjUzNF5BMl5BanBnXkFtZTcwNDE0NzE5OQ@@._V1_SY1000_CR0,0,717,1000_AL_.jpg;https://images-na.ssl-images-amazon.com/images/M/MV5BMTc1OTU3NjUzNF5BMl5BanBnXkFtZTcwNDE0NzE5OQ@@._V1._SX100_SY140_.jpg;null;false;false
Trystane Martell;Toby Sebastian;/name/nm4514519/;https://images-na.ssl-images-amazon.com/images/M/MV5BODkzNjY0NTA0MV5BMl5BanBnXkFtZTgwNjc1NDE3NTE@._V1_.jpg;https://m.media-amazon.com/images/M/MV5BODkzNjY0NTA0MV5BMl5BanBnXkFtZTgwNjc1NDE3NTE@._V1_SX100_CR0,0,100,100_AL_.jpg;null;false;false
Tycho Nestoris;Mark Gatiss;/name/nm0309693/;https://images-na.ssl-images-amazon.com/images/M/MV5BOTFjYWJjZTEtM2Y1Zi00YzE0LTkzOTItZGZkNzM2YjBiNjg5XkEyXkFqcGdeQXVyMjk3NTUyOTc@._V1_.jpg;https://images-na.ssl-images-amazon.com/images/M/MV5BOTFjYWJjZTEtM2Y1Zi00YzE0LTkzOTItZGZkNzM2YjBiNjg5XkEyXkFqcGdeQXVyMjk3NTUyOTc@._V1._SX100_SY140_.jpg;null;false;false
Tyene Sand;Rosabell Laurenti Sellers;/name/nm3065809/;https://images-na.ssl-images-amazon.com/images/M/MV5BNDY5NzBiMTQtYzhmMS00Y2FmLTkzYzYtYzM2ODBjNGZlNGNiXkEyXkFqcGdeQXVyMjk3NTUyOTc@._V1_.jpg;https://images-na.ssl-images-amazon.com/images/M/MV5BNDY5NzBiMTQtYzhmMS00Y2FmLTkzYzYtYzM2ODBjNGZlNGNiXkEyXkFqcGdeQXVyMjk3NTUyOTc@._V1._SX100_SY140_.jpg;null;false;false
Tyrion Lannister;Peter Dinklage;/name/nm0227759/;https://images-na.ssl-images-amazon.com/images/M/MV5BMjA2MDAwOTI0OV5BMl5BanBnXkFtZTcwNjA3NDg1Nw@@._V1_SX1500_CR0,0,1500,999_AL_.jpg;https://images-na.ssl-images-amazon.com/images/M/MV5BMjA2MDAwOTI0OV5BMl5BanBnXkFtZTcwNjA3NDg1Nw@@._V1._SX100_SY140_.jpg;null;false;false
Tywin Lannister;Charles Dance;/name/nm0001097/;https://images-na.ssl-images-amazon.com/images/M/MV5BOTA4ODMxMzE1OV5BMl5BanBnXkFtZTcwMTM0ODg4OQ@@._V1_.jpg;https://images-na.ssl-images-amazon.com/images/M/MV5BOTA4ODMxMzE1OV5BMl5BanBnXkFtZTcwMTM0ODg4OQ@@._V1._SX100_SY140_.jpg;null;false;false
Vala;Meena Rayann;/name/nm5159884/;https://images-na.ssl-images-amazon.com/images/M/MV5BYzdiYzllYjMtMGJmNC00NWIwLWIwMzEtOTM1Mjk4ZTkxZDM1XkEyXkFqcGdeQXVyMjk3NTUyOTc@._V1_.jpg;https://images-na.ssl-images-amazon.com/images/M/MV5BYzdiYzllYjMtMGJmNC00NWIwLWIwMzEtOTM1Mjk4ZTkxZDM1XkEyXkFqcGdeQXVyMjk3NTUyOTc@._V1._SX100_SY140_.jpg;null;false;false
Vardis Egen;Brendan McCormack;/name/nm1788152/;https://images-na.ssl-images-amazon.com/images/M/MV5BMzg1Y2NiYTYtNDY0Yi00OGMwLWJjZjktZDVlNDE1Y2M3MTMzXkEyXkFqcGdeQXVyMjk3NTUyOTc@._V1_.jpg;https://images-na.ssl-images-amazon.com/images/M/MV5BMzg1Y2NiYTYtNDY0Yi00OGMwLWJjZjktZDVlNDE1Y2M3MTMzXkEyXkFqcGdeQXVyMjk3NTUyOTc@._V1._SX100_SY140_.jpg;null;false;false
Varly;Graham Charles;/name/nm1378721/;null;null;null;false;false
Viserion;null;null;null;null;null;false;false
Viserys Targaryen;Harry Lloyd;/name/nm0516003/;https://images-na.ssl-images-amazon.com/images/M/MV5BMTgwNzIxMTU1OV5BMl5BanBnXkFtZTcwNzI2ODg5NA@@._V1_SY1000_CR0,0,1503,1000_AL_.jpg;https://images-na.ssl-images-amazon.com/images/M/MV5BMTgwNzIxMTU1OV5BMl5BanBnXkFtZTcwNzI2ODg5NA@@._V1._SX100_SY140_.jpg;null;true;false
Walda Bolton;Elizabeth Webster;/name/nm3531913/;https://images-na.ssl-images-amazon.com/images/M/MV5BOTZiNWE2YTYtZDA2Ny00ZmUwLTk4ZWUtZjFkM2JkYjFiNjE3XkEyXkFqcGdeQXVyMjk3NTUyOTc@._V1_.jpg;https://images-na.ssl-images-amazon.com/images/M/MV5BOTZiNWE2YTYtZDA2Ny00ZmUwLTk4ZWUtZjFkM2JkYjFiNjE3XkEyXkFqcGdeQXVyMjk3NTUyOTc@._V1._SX100_SY140_.jpg;null;false;false
Walder Frey;David Bradley;/name/nm0103195/;https://images-na.ssl-images-amazon.com/images/M/MV5BYzU0YzZjMTktZDA2Ni00YTRhLWFkZTgtOTQ4Yjg2MmQ2OGUzXkEyXkFqcGdeQXVyMjk3NTUyOTc@._V1_.jpg;https://images-na.ssl-images-amazon.com/images/M/MV5BYzU0YzZjMTktZDA2Ni00YTRhLWFkZTgtOTQ4Yjg2MmQ2OGUzXkEyXkFqcGdeQXVyMjk3NTUyOTc@._V1._SX100_SY140_.jpg;null;false;false
Wallen;Barry O'Connor;null;null;null;null;false;false
Warlock;Lottie Steer;/name/nm5390029/;https://images-na.ssl-images-amazon.com/images/M/MV5BMzE0NjExMGMtYjJlOC00MWI4LTg5MTgtYTIzZTgxZjc2NDAyXkEyXkFqcGdeQXVyMjk3NTUyOTc@._V1_.jpg;https://images-na.ssl-images-amazon.com/images/M/MV5BMzE0NjExMGMtYjJlOC00MWI4LTg5MTgtYTIzZTgxZjc2NDAyXkEyXkFqcGdeQXVyMjk3NTUyOTc@._V1._SX100_SY140_.jpg;null;false;false
Waymar Royce;Rob Ostlere;/name/nm3209935/;https://images-na.ssl-images-amazon.com/images/M/MV5BYzE1Y2EwN2QtMzMzZS00MDZkLTg4ZjItN2NkNGNkYjAzZGVlXkEyXkFqcGdeQXVyMjk3NTUyOTc@._V1_.jpg;https://images-na.ssl-images-amazon.com/images/M/MV5BYzE1Y2EwN2QtMzMzZS00MDZkLTg4ZjItN2NkNGNkYjAzZGVlXkEyXkFqcGdeQXVyMjk3NTUyOTc@._V1._SX100_SY140_.jpg;null;false;false
Wedding Band;Sigur Rós;/name/nm1460176/;null;null;null;false;false
White Walker;Ian Whyte;/name/nm1613839/;https://images-na.ssl-images-amazon.com/images/M/MV5BMjYzNDMyZWUtMDVlMy00OGQxLWFkZTctOWMxZDk1MDA5MmQzXkEyXkFqcGdeQXVyMjk3NTUyOTc@._V1_.jpg;https://images-na.ssl-images-amazon.com/images/M/MV5BMjYzNDMyZWUtMDVlMy00OGQxLWFkZTctOWMxZDk1MDA5MmQzXkEyXkFqcGdeQXVyMjk3NTUyOTc@._V1._SX100_SY140_.jpg;null;false;false
White Walker;Ross Mullan;/name/nm1368643/;https://images-na.ssl-images-amazon.com/images/M/MV5BMjYzNDMyZWUtMDVlMy00OGQxLWFkZTctOWMxZDk1MDA5MmQzXkEyXkFqcGdeQXVyMjk3NTUyOTc@._V1_.jpg;https://images-na.ssl-images-amazon.com/images/M/MV5BMjYzNDMyZWUtMDVlMy00OGQxLWFkZTctOWMxZDk1MDA5MmQzXkEyXkFqcGdeQXVyMjk3NTUyOTc@._V1._SX100_SY140_.jpg;null;false;false
White Walker;Tim Loane;/name/nm0516385/;https://images-na.ssl-images-amazon.com/images/M/MV5BMjYzNDMyZWUtMDVlMy00OGQxLWFkZTctOWMxZDk1MDA5MmQzXkEyXkFqcGdeQXVyMjk3NTUyOTc@._V1_.jpg;https://images-na.ssl-images-amazon.com/images/M/MV5BMjYzNDMyZWUtMDVlMy00OGQxLWFkZTctOWMxZDk1MDA5MmQzXkEyXkFqcGdeQXVyMjk3NTUyOTc@._V1._SX100_SY140_.jpg;null;false;false
White Walker #2;Spencer Wilding;/name/nm1872855/;https://images-na.ssl-images-amazon.com/images/M/MV5BMjYzNDMyZWUtMDVlMy00OGQxLWFkZTctOWMxZDk1MDA5MmQzXkEyXkFqcGdeQXVyMjk3NTUyOTc@._V1_.jpg;https://images-na.ssl-images-amazon.com/images/M/MV5BMjYzNDMyZWUtMDVlMy00OGQxLWFkZTctOWMxZDk1MDA5MmQzXkEyXkFqcGdeQXVyMjk3NTUyOTc@._V1._SX100_SY140_.jpg;null;false;false
Wight Wildling Girl;Claire Wright;/name/nm4422708/;https://images-na.ssl-images-amazon.com/images/M/MV5BNTg0OTdiOTYtNjBlYS00ZjI1LWEzMTAtODExOWRhNDZhMWNhXkEyXkFqcGdeQXVyMjk3NTUyOTc@._V1_.jpg;https://images-na.ssl-images-amazon.com/images/M/MV5BNTg0OTdiOTYtNjBlYS00ZjI1LWEzMTAtODExOWRhNDZhMWNhXkEyXkFqcGdeQXVyMjk3NTUyOTc@._V1._SX100_SY140_.jpg;null;false;false
Wildling Rioter;Michael Patrick;/name/nm8199963/;null;null;null;false;false
Will;Bronson Webb;/name/nm0916037/;https://images-na.ssl-images-amazon.com/images/M/MV5BMjA0NjU2MjIzNF5BMl5BanBnXkFtZTgwNzEyODI1MDI@._V1_.jpg;https://images-na.ssl-images-amazon.com/images/M/MV5BMjA0NjU2MjIzNF5BMl5BanBnXkFtZTgwNzEyODI1MDI@._V1_SY100_CR16,0,100,100_AL_.jpg;null;false;false
Willem Lannister;Timothy Gibbons;/name/nm5624523/;null;null;null;false;false
Willis Wode;Ryan McKenna;/name/nm4416560/;https://images-na.ssl-images-amazon.com/images/M/MV5BMmY3NWI0YTItNWFkZi00MTVlLWIyNDQtN2MwYjY0ZjhhOTdlXkEyXkFqcGdeQXVyMjk3NTUyOTc@._V1_.jpg;https://images-na.ssl-images-amazon.com/images/M/MV5BMmY3NWI0YTItNWFkZi00MTVlLWIyNDQtN2MwYjY0ZjhhOTdlXkEyXkFqcGdeQXVyMjk3NTUyOTc@._V1._SX100_SY140_.jpg;null;false;false
Wine Merchant;Simon Lowe;/name/nm0523047/;null;null;null;false;false
Winterfell Shepherd;Donagh Deeney;/name/nm0214343/;null;null;null;false;false
Wun Wun;Ian Whyte;/name/nm1613839/;https://images-na.ssl-images-amazon.com/images/M/MV5BNTFjMTczNTQtNzE5MC00ZTI1LWI0ZGMtMTA4NGU2ZGQ5ZjRkXkEyXkFqcGdeQXVyNDUzOTQ5MjY@._V1_.jpg;https://images-na.ssl-images-amazon.com/images/M/MV5BNTFjMTczNTQtNzE5MC00ZTI1LWI0ZGMtMTA4NGU2ZGQ5ZjRkXkEyXkFqcGdeQXVyNDUzOTQ5MjY@._V1._SX100_SY140_.jpg;null;false;false
Wyllis;Sam Coleman;/name/nm4744043/;null;null;null;false;false
Xaro Xhoan Daxos;Nonso Anozie;/name/nm1996829/;https://images-na.ssl-images-amazon.com/images/M/MV5BMTU3NTA5NDA3NF5BMl5BanBnXkFtZTcwNzY2NDg1Nw@@._V1_SY1000_CR0,0,666,1000_AL_.jpg;https://images-na.ssl-images-amazon.com/images/M/MV5BMTU3NTA5NDA3NF5BMl5BanBnXkFtZTcwNzY2NDg1Nw@@._V1._SX100_SY140_.jpg;null;false;false
Yara Greyjoy;Gemma Whelan;/name/nm2247629/;https://images-na.ssl-images-amazon.com/images/M/MV5BMTc2NzU5ODk0MV5BMl5BanBnXkFtZTcwMzEyNDY2OQ@@._V1_SY1000_CR0,0,1503,1000_AL_.jpg;https://images-na.ssl-images-amazon.com/images/M/MV5BMTc2NzU5ODk0MV5BMl5BanBnXkFtZTcwMzEyNDY2OQ@@._V1._SX100_SY140_.jpg;null;false;false
Yezzan zo Qaggaz;Enzo Cilenti;/name/nm0162281/;https://images-na.ssl-images-amazon.com/images/M/MV5BZDgyOTFhMzktNWE5MS00YTY3LTk0YTYtMjkyMjFkODIxOTJiXkEyXkFqcGdeQXVyMjk3NTUyOTc@._V1_.jpg;https://images-na.ssl-images-amazon.com/images/M/MV5BZDgyOTFhMzktNWE5MS00YTY3LTk0YTYtMjkyMjFkODIxOTJiXkEyXkFqcGdeQXVyMjk3NTUyOTc@._V1._SX100_SY140_.jpg;null;false;false
Ygritte;Rose Leslie;/name/nm3310211/;https://images-na.ssl-images-amazon.com/images/M/MV5BMTg0NDA1Njk3Nl5BMl5BanBnXkFtZTcwOTQ2NDk4OQ@@._V1_SY1000_CR0,0,724,1000_AL_.jpg;https://images-na.ssl-images-amazon.com/images/M/MV5BMTg0NDA1Njk3Nl5BMl5BanBnXkFtZTcwOTQ2NDk4OQ@@._V1._SX100_SY140_.jpg;null;false;false
Yohn Royce;Rupert Vansittart;/name/nm0889338/;https://images-na.ssl-images-amazon.com/images/M/MV5BZjgwNDc4NGQtMmQyMS00YjMyLWFhZWUtZmM0MjRkYmNmNGExXkEyXkFqcGdeQXVyMjk3NTUyOTc@._V1_.jpg;https://images-na.ssl-images-amazon.com/images/M/MV5BZjgwNDc4NGQtMmQyMS00YjMyLWFhZWUtZmM0MjRkYmNmNGExXkEyXkFqcGdeQXVyMjk3NTUyOTc@._V1._SX100_SY140_.jpg;null;false;false
Yoren;Francis Magee;/name/nm0535837/;https://images-na.ssl-images-amazon.com/images/M/MV5BMTZjZWMwZWItYTdlNi00N2RmLWFlYjQtZTZlYTIxYTRkMWJlXkEyXkFqcGdeQXVyMjk3NTUyOTc@._V1_.jpg;https://images-na.ssl-images-amazon.com/images/M/MV5BMTZjZWMwZWItYTdlNi00N2RmLWFlYjQtZTZlYTIxYTRkMWJlXkEyXkFqcGdeQXVyMjk3NTUyOTc@._V1._SX100_SY140_.jpg;null;false;false
Young Benjen Stark;Matteo Elezi;/name/nm5502295/;null;null;null;false;false
Young Cersei Lannister;Nell Williams;/name/nm5309709/;null;null;null;false;false
Young Lyanna Stark;Cordelia Hill;/name/nm8108764/;null;null;null;false;false
Young Nan;Annette Tierney;/name/nm1519719/;null;null;null;false;false
Young Ned;Robert Aramayo;/name/nm7075019/;null;null;null;false;false
Young Ned Stark;Sebastian Croft;/name/nm7509185/;null;null;null;false;false
Young Rodrik Cassel;Fergus Leathem;/name/nm7509186/;null;null;null;false;false
Zanrush;Gerald Lepkowski;/name/nm0503319/;https://images-na.ssl-images-amazon.com/images/M/MV5BNTJjYzk1MGMtNjE3Mi00NjE2LTkzMWUtNGRjODVlY2JmMmI5XkEyXkFqcGdeQXVyMjk3NTUyOTc@._V1_.jpg;https://images-na.ssl-images-amazon.com/images/M/MV5BNTJjYzk1MGMtNjE3Mi00NjE2LTkzMWUtNGRjODVlY2JmMmI5XkEyXkFqcGdeQXVyMjk3NTUyOTc@._V1._SX100_SY140_.jpg;null;false;false
